"sifra";"podsifra";"skola";"ime_ravnatelja";"prezime_ravnatelja"
"08-071-002";"0-0";Osnovna škola Brajda;Adriana;Rubignoni-Cecić
"16-088-001";"0-0";Osnovna škola Bartola Kašića;Adrijana;Cvrković Lasić
"09-061-501";"0-0";Srednja škola Otočac;Adela;Rukavina
"01-108-501";"0-0";Srednja škola Ban Josip Jelačić                               ;Alan;Labus
"15-081-504";"0-0";Medicinska škola;Aleksandra;Acalin
"21-114-116";"0-0";Osnovna škola Nad lipom;Alma;Srna
"08-071-013";"0-0";Osnovna škola Eugen Kumičić;Ana;Anić Opašić
"11-077-508";"0-0";Glazbena škola Požega;Alen;Kovačević
"18-069-001";"0-0";Osnovna škola Šijana Pula;Alma;Tomljanović
"17-090-501";"0-0";Srednja škola Antun Matijašević - Karamaneo;Alma;Vodopija
"12-078-011";"0-0";Osnovna škola Dragutin Tadijanović;Ana;Blagović
"14-060-009";"0-0";Osnovna škola Ljudevita Gaja;Aleksandra;Krampač-Grljušić
"09-304-001";"0-0";Osnovna škola A. G. Matoša Novalja;Aleksij;Škunca
"08-071-516";"0-0";Medicinska škola u Rijeci;Alen;Vukelić
"21-114-022";"0-0";Osnovna škola Mate Lovraka;Alemka;Pliestić
"02-182-001";"0-0";Osnovna škola Ljudevit Gaj Mihovljan;Alen;Vokas
"14-388-003";"0-0";Osnovna škola Lug - Laskói Általános Iskola                        ;Ana;Kovačević
"17-457-001";"0-0";Osnovna škola Jelsa;Ana;Miljak
"11-064-003";"0-0";Osnovna glazbena škola Pakrac;Alfreda;Petani Grafina
"13-368-001";"0-0";Osnovna škola Petra Zoranića;Ana;Milovac
"08-071-009";"0-0";Osnovna škola "Vladimir Gortan"    ";Ana;Biočić
"17-075-004";"0-0";Osnovna škola "Stjepan Radić"           ";Ana;Bravić
"19-509-003";"0-0";Osnovna škola Kuna;Ana;Milovčić
"21-114-536";"0-0";Druga ekonomska škola;Ana;Naletilić
"09-301-001";"0-0";Osnovna škola Karlobag;Ana-Maria;Devčić
"21-114-069";"0-0";Osnovna škola Nikole Tesle;Romana Ana;Reščić
"07-261-001";"0-0";Osnovna škola Mirka Pereša;Anamarija;Tuškan
"01-151-003";"0-0";Osnovna škola Pavao Belas;Andrej;Peklić
"04-034-003";"0-0";Osnovna škola Švarča;Andreja;Željković
"02-184-001";"0-0";Osnovna škola Antuna Mihanovića Petrovsko;Andrijana;Osredečki
"21-114-067";"0-0";Osnovna škola Rudeš;Anđelka;Jalušić
"17-125-001";"0-0";Osnovna škola don Lovre Katića;Anđelka;Slavić
"05-053-001";"0-0";Osnovna škola Novi Marof;Anđelko;Bošnjak
"16-436-001";"0-0";Osnovna škola Stari Jankovci;Anđelko;Lučić
"02-169-001";"0-0";Osnovna škola Đure Prejca Desinić;Anica;Karažija
"01-156-001";"0-0";Osnovna škola Sveta Nedelja;Anica;Magdalenić
"08-070-001";"0-0";Osnovna škola Ivana Rabljanina Rab;Anamari;Šarin
"13-374-001";"0-0";Osnovna škola "Ivan Goran Kovačić";Anita;Gašparović
"18-069-009";"0-0";Osnovna škola Veruda Pula;Anita;Mokorić Brščić
"13-366-001";"0-0";Osnovna škola Pakoštane;Andrija;Vanjak
"14-403-001";"0-0";Osnovna škola Ivana Brlić Mažuranić;Andro;Mršić
"05-227-001";"0-0";Osnovna škola Vladimir Nazor;Anđelka;Rihtarić
"04-056-002";"0-0";Osnovna škola Ivane Brlić-Mažuranić Ogulin;Anđelka;Salopek
"17-090-001";"0-0";Osnovna škola Vis;Anela;Borčić
"03-066-002";"0-0";Osnovna škola Mate Lovraka Petrinja;Ankica;Krnjajić Magdić
"03-043-502";"0-0";Tehnička škola Kutina;Ante;Dževlan
"17-124-001";"0-0";Osnovna škola kneza Mislava;Anita;Luketin
"18-068-006";"0-0";Osnovna škola Finida;Anita;Sijerković Radin
"10-067-003";"0-0";Glazbena škola Milka Kelemena;Antonio;Brzica
"21-114-028";"0-0";Osnovna škola Antuna Gustava Matoša;Antonio;Jurčev
"19-018-507";"0-0";Pomorsko-tehnička škola Dubrovnik;Antonio;Lučić
"19-018-508";"0-0";Turistička i ugostiteljska škola Dubrovnik;Antun;Perušina
"14-060-007";"0-0";Osnovna škola Frana Krste Frankopana;Antun;Ptičar
"02-178-003";"0-0";Centar za odgoj i obrazovanje Krapinske Toplice;Antun;Zupanc
"17-454-002";"0-0";Osnovna škola Studenci;Ante;Češljar
"14-406-001";"0-0";Osnovna škola Luka Botić;Ante;Lagator
"17-454-001";"0-0";Osnovna škola Silvija Strahimira Kranjčevića Lovreć;Ante;Livajić
"14-392-001";"0-0";Osnovna škola Bratoljuba Klaića;Ante;Lovrinčević
"07-004-506";"0-0";Tehnička škola Bjelovar;Ante;Šola
"04-034-014";"0-0";Osnovna škola "Skakavac";Anto;Ćališ
"21-114-530";"0-0";Elektrostrojarska obrtnička škola;Anto;Delač
"21-114-554";"0-0";Obrtnička i industrijska graditeljska škola;Anto;Vidović
"08-095-001";"0-0";Osnovna škola Ivana Gorana Kovačića Vrbovsko;Anton;Burić
"14-060-501";"0-0";Elektrotehnička i prometna škola Osijek;Antun;Kovačić
"21-114-058";"0-0";Osnovna škola Horvati;Biserka;Matić-Roško
"18-068-002";"0-0";Osnovna škola Tar - Vabriga - Scuola elementare Torre - Abrega;Andrea;Baksa
"14-060-512";"0-0";Ugostiteljsko-turistička škola;Andrej;Kristek
"08-008-501";"0-0";Srednja škola dr. Antuna Barca Crikvenica;Arsen;Badurina
"02-172-001";"0-0";Osnovna škola Viktora Kovačića;Biserka;Špiljak
"12-051-001";"0-0";Osnovna škola Ljudevita Gaja Nova Gradiška;Blagica;Pečnjak
"14-485-001";"0-0";Osnovna škola Ante Starčevića Viljevo;Blaženka;Škrlec
"08-071-021";"0-0";Osnovna škola Gornja Vežica;Bojana;Matešin
"17-030-505";"0-0";Gimnazija dr. Mate Ujevića;Boris;Karin
"07-004-503";"0-0";Medicinska škola Bjelovar;Biljana;Balenović
"08-294-001";"0-0";Osnovna škola Ivana Mažuranića;Boris;Turjak
"19-112-002";"0-0";Osnovna škola Fra Ante Gnječa;Boro;Bustruc
"11-320-001";"0-0";Osnovna škola Mladost;Boško;Obradović
"13-375-001";"0-0";Osnovna škola Petar Zoranić;Božena;Delić-Žepina
"07-274-001";"0-0";Osnovna škola Rovišće;Blanka;Klemić
"14-001-503";"0-0";Druga srednja škola Beli Manastir;Blaženka;Kalčić
"13-352-001";"0-0";Osnovna škola Sukošan;Branimir;Peričić
"12-344-001";"0-0";Osnovna škola Dragalić;Branka;Francuz
"08-095-501";"0-0";Željeznička tehnička škola Moravice;Borivoj;Dokmanović
"08-277-001";"0-0";Osnovna škola Rudolfa Strohala;Borka;Kezele-Kanjer
"20-010-504";"0-0";Ekonomska i trgovačka škola;Bosiljka;Vinković Kukolić
"18-069-008";"0-0";Osnovna škola Monte Zaro;Branka;Sironić
"01-158-001";"0-0";Osnovna škola Vladimir Nazor;Branka;Smolković Cerovski
"19-049-001";"0-0";Osnovna škola Stjepana Radića;Božena;Nikoletić
"21-114-036";"0-0";Osnovna škola Matka Laginje;Božidar;Bilafer
"06-041-505";"0-0";Glazbena škola Alberta Štrige, Križevci;Branka;Špoljar
"01-087-502";"0-0";Gimnazija Velika Gorica;Brankica;Žugaj
"01-020-005";"0-0";Osnovna škola Ivan Benković;Branko;Goleš
"03-193-001";"0-0";Osnovna škola Jasenovac;Branko;Šepović
"17-588-001";"0-0";Osnovna škola Okruk u Okrugu Gornjem;Bruna;Dadić
"17-466-001";"0-0";Osnovna škola Ante Starčevića ;Dajana;Maretić
"05-031-001";"0-0";Osnovna škola Ivana Kukuljevića Sakcinskog;Damir;Jagić
"13-107-521";"0-0";Glazbena škola Blagoje Bersa Zadar;Branka;Višić Karavida
"12-336-001";"0-0";Osnovna škola Josip Kozarac Slavonski Šamac;Branka;Vučić
"14-085-002";"0-0";Osnovna škola Ladimirevci;Damir;Jakopiček
"14-395-001";"0-0";Osnovna škola Gorjani;Damir;Jukić
"14-022-003";"0-0";Osnovna škola Vladimir Nazor;Andrija;Šušak
"20-523-002";"0-0";Osnovna škola Orehovica;Branko;Sušec
"14-060-017";"0-0";Osnovna škola Višnjevac;Dane;Končar
"14-085-001";"0-0";Osnovna škola Matije Petra Katančića;Dalibor;Košutić
"16-088-004";"0-0";Osnovna škola Vladimira Nazora;Damir;Burić
"17-593-001";"0-0";Osnovna škola Tučepi;Damir;Jukić
"09-074-501";"0-0";Srednja škola Pavla Rittera Vitezovića u Senju;Danijela;Vukelić
"12-337-001";"0-0";Osnovna škola Dr. Stjepan Ilijašević;Darija;Jozić Ratković
"08-071-523";"0-0";Glazbena škola Ivana Matetića Ronjgova Rijeka;Danijel;Trinajstić
"21-114-070";"0-0";Osnovna škola Ljubljanica Zagreb;Ani;Bertović
"13-107-509";"0-0";Medicinska škola Ante Kuzmanića - Zadar;Anita;Basioli
"07-263-001";"0-0";Osnovna škola Ivana viteza Trnskog;Dario;Jaušić
"08-071-514";"0-0";Elektroindustrijska i obrtnička škola Rijeka;Darko;Bašić
"14-397-001";"0-0";Osnovna škola Drenje;Darko;Čota
"21-114-557";"0-0";Trgovačka škola;Darko;Grgurić
"21-114-550";"0-0";Tehnička škola Zagreb;Darko;Jurković
"16-088-007";"0-0";Osnovna škola Antun Gustav Matoš;Dario;Dragun
"14-396-001";"0-0";Osnovna škola Josip Kozarac;Darko;Ocvirk
"17-126-003";"0-0";Osnovna škola "Bol";Davor;Bučević
"17-126-504";"0-0";Obrtnička škola;Davor;Kulić
"03-076-506";"0-0";Tehnička škola Sisak;Davor;Malović
"05-086-512";"0-0";Glazbena škola u Varaždinu;Davor;Matačić
"21-114-095";"0-0";Osnovna škola Otok;Davorka;Zadravec - Komšić
"17-126-507";"0-0";III. gimnazija;Deana;Bokšić
"21-114-503";"0-0";III. gimnazija;Darka;Sudarević
"21-114-083";"0-0";Osnovna škola Brezovica;Darko;Rogalo
"13-107-512";"0-0";Tehnička škola;Denis;Prusac
"02-188-001";"0-0";Osnovna škola Veliko Trgovišće;Diana;Duk-Petek
"21-114-139";"0-0";Osnovna škola Bartola Kašića;Dijana;Kopčić
"16-088-510";"0-0";Glazbena škola Josipa Runjanina;Dinka;Peti
"07-012-503";"0-0";Ekonomska i turistička škola Daruvar;Dinka;Kavalir
"20-530-001";"0-0";Osnovna škola Selnica;Anica;Rašperger
"06-023-502";"0-0";Strukovna škola Đurđevac;Darko;Špoljar
"21-114-082";"0-0";Osnovna škola braće Radić;Darko;Štimac
"08-013-002";"0-0";Osnovna škola Frana Krste Frankopana;Davor;Tkalac
"01-087-002";"0-0";Osnovna škola Jurja Habdelića;Davor;Vidović
"18-495-001";"0-0";Osnovna škola - Scuola elementare RIVARELA;Davorka;Parmač
"08-008-002";"0-0";Osnovna škola Vladimira Nazora Crikvenica;Deana;Čandrlić-Zorica
"18-069-505";"0-0";Talijanska srednja škola Dante Alighieri, Pula - Scuola media superiore italiana Dante Alighieri, Pola;Debora;Radolović
"21-114-077";"0-0";Osnovna škola Rapska;Diana;Dujmović
"15-413-002";"0-0";Osnovna škola Rogoznica;Diana;Goleš
"21-114-566";"0-0";Srednja škola - Centar za odgoj i obrazovanje;Đana;Baftiri
"13-107-519";"0-0";Hotelijersko-turistička i ugostiteljska škola;Diana;Radić Škara
"17-126-505";"0-0";I. gimnazija Split;Dobrila;Gotovac Stipaničev
"19-018-502";"0-0";Obrtnička i tehnička škola Dubrovnik;Dinko;Mandić
"17-075-005";"0-0";Glazbena škola Jakova Gotovca;Dobrila;Veršić
"17-126-518";"0-0";Pomorska škola;Dragan;Pavelin
"02-181-001";"0-0";Osnovna škola Marija Bistrica;Dominik;Karajić
"12-078-502";"0-0";OBRTNIČKO-TEHNIČKA ŠKOLA;Anita;Holub
"21-114-112";"0-0";Osnovna škola Ružičnjak;Anita;Vuković
"08-070-501";"0-0";Srednja škola Markantuna de Dominisa Rab;Anka;Bišić
"21-114-502";"0-0";II. gimnazija;Drago;Bagić
"05-086-508";"0-0";Srednja strukovna škola;Dražen;Košćak
"03-195-001";"0-0";Osnovna škola Popovača;Dražen;Mlakar
"09-455-002";"0-0";Osnovna škola dr. Franje Tuđmana;Dražena;Aračić
"02-097-501";"0-0";Srednja škola Zabok;Draženka;Jurec
"18-069-503";"0-0";Industrijsko-obrtnička škola Pula;Dragan;Radovanović
"20-010-006";"0-0";Centar za odgoj i obrazovanje Čakovec;Dragica;Benčik
"05-243-001";"0-0";Osnovna škola Bisag;Draženka;Švelec-Juričić
"21-114-159";"0-0";Osnovna škola Hrvatski Leskovac;Dubravka;Ljubičić
"21-114-547";"0-0";Strojarska tehnička škola Fausta Vrančića;Dubravko;Diklić
"06-249-001";"0-0";Osnovna škola Legrad;Dragutin;Marcinjaš
"20-010-503";"0-0";Tehnička škola Čakovec;Dražen;Blažeka
"03-054-502";"0-0";Glazbena škola u Novskoj;Dunja;Uroić
"14-326-501";"0-0";Srednja škola Josipa Kozarca Đurđenovac;Dražen;Turza
"14-060-013";"0-0";Osnovna škola Tenja;Draženka;Šebek
"03-076-007";"0-0";Osnovna škola Sela;Draženka;Kušević
"05-046-001";"0-0";Osnovna škola Ludbreg;Đurđa;Kladić
"17-125-002";"0-0";Osnovna škola Vjekoslava Paraća;Đuro;Baloević
"18-044-001";"0-0";Osnovna škola Matije Vlačića;Edi;Juričić
"20-524-001";"0-0";Osnovna škola Mursko Središće;Elvis;Šarić
"18-491-003";"0-0";Osnovna škola Divšići;Emilijana;Fabijančić
"08-071-512";"0-0";Strojarsko brodograđevna škola za industrijska i obrtnička zanimanja;Evica;Kozera
"12-332-001";"0-0";Osnovna škola Augusta Šenoe;Đurđica;Vuksanović
"16-437-001";"0-0";Osnovna škola Stjepana Cvrkovića;Đuro;Škrget
"21-114-128";"0-0";Osnovna glazbena škola Ivana Zajca;Eda;Rimanić
"14-060-001";"0-0";Centar za odgoj i obrazovanje Ivan Štark;Edit;Lemal
"17-083-002";"0-0";Osnovna škola Petar Berislavić;Edita;Bratinčević
"17-126-503";"0-0";Graditeljsko-geodetska tehnička škola;Filip;Relja
"01-073-502";"0-0";Gimnazija Antuna Gustava Matoša;Franjo;Bedeničić
"19-518-001";"0-0";Osnovna škola Smokvica;Emil;Radovanović
"14-060-002";"0-0";Osnovna škola Svete Ane u Osijeku;Emina;Šinka
"01-073-002";"0-0";Osnovna škola Mihaela Šiloboda;Goran;Lesjak
"08-295-001";"0-0";Osnovna škola dr. Josipa Pančića Bribir;Goran;Matić
"01-073-003";"0-0";Osnovna škola Samobor;Goran Ivan;Matoš
"07-004-003";"0-0";III. osnovna škola Bjelovar;Goranka;Preskočil
"05-240-001";"0-0";Osnovna škola Antuna i Ivana Kukuljevića;Goranka;Štefanić
"13-364-001";"0-0";Osnovna škola Petar Lorini;Gordan;Dragaš
"21-114-040";"0-0";Osnovna škola Dobriše Cesarića;Gordana;Fileš
"18-068-004";"0-0";Talijanska osnovna škola - Scuola elementare italiana Bernardo Parentin Poreč - Parenzo;Ester;Zarli
"21-114-063";"0-0";Osnovna škola Josipa Račića;Franjo;Gudelj
"14-060-010";"0-0";Osnovna škola Jagode Truhelke;Franjo;Vukelić
"21-114-011";"0-0";Osnovna škola Kustošija;Gordana;Kajić
"04-034-008";"0-0";Osnovna škola Mahično;Gorana;Simić Vinski
"01-159-001";"0-0";Osnovna škola kardinal Alojzije Stepinac          ;Helena;Beketić
"13-367-001";"0-0";Osnovna škola Sv. Filip i Jakov;Gordana;Kurtov
"15-017-501";"0-0";Srednja škola Ivana Meštrovića Drniš;Hrvoje;Pekas
"06-041-002";"0-0";Osnovna škola "Vladimir Nazor" Križevci";Igor;Brkić
"01-073-004";"0-0";Osnovna škola Milana Langa;Igor;Matijašić
"17-126-018";"0-0";Osnovna škola Mertojak;Ines;Budić
"10-314-001";"0-0";Osnovna škola Voćin;Ines;Gužvić
"03-076-010";"0-0";Osnovna škola Ivana Antolčića Komarevo;Gordana;Vasić
"18-486-001";"0-0";Osnovna škola Ivana Batelića - Raša;Greis;Franković
"18-072-501";"0-0";Talijanska srednja škola - Scuola media superiore italiana Rovinj - Rovigno;Ines;Venier
"18-072-502";"0-0";Srednja škola Zvane Črnje Rovinj, Scuola media superiore "Zvane Črnja" Rovigno";Ingrid;Sau
"12-078-003";"0-0";Osnovna škola Hugo Badalić;Irena;Čugura Ćerić
"04-034-006";"0-0";Osnovna škola Dubovac;Irmelina;Sablić
"04-056-503";"0-0";Gimnazija i strukovna škola Bernardina Frankopana;Hrvoje;Magdić
"16-422-001";"0-0";Osnovna škola Matija Antun Reljković   ;Ilija;Grgić
"03-197-001";"0-0";Osnovna škola Sunja;Ilija;Potkonjak
"06-247-001";"0-0";Osnovna škola Fran Koncelak Drnje;Ivan;Pikivača
"13-107-008";"0-0";Osnovna škola Voštarnica - Zadar;Irena;Dukić
"08-290-001";"0-0";Osnovna škola Viktora Cara Emina;Iva;Erceg
"14-060-502";"0-0";Strojarska tehnička škola Osijek;Ivan;Adrić
"12-347-001";"0-0";Osnovna škola Okučani;Ivana;Mijatović
"10-089-502";"0-0";Tehnička škola Virovitica;Ivan;Kućan
"15-081-003";"0-0";Osnovna škola Jurja Šižgorića;Ivana;Rupić
"02-167-001";"0-0";Osnovna škola Bedekovčina;Ivan;Paradi
"17-126-506";"0-0";II. gimnazija;Ivanka;Kovačević
"16-088-002";"0-0";Osnovna škola Josipa Kozarca, Vinkovci;Ivan;Županić
"21-114-027";"0-0";Osnovna škola Vladimira Nazora;Ivica;Brkić
"13-003-501";"0-0";Srednja škola Biograd na Moru;Ivica;Kero
"07-264-001";"0-0";Osnovna škola Velika Pisanica;Ivana;Haić
"17-126-520";"0-0";Škola likovnih umjetnosti;Ivana;Korjenić
"17-462-001";"0-0";Osnovna škola dr. Franje Tuđmana Brela;Ivana;Ravlić
"20-525-001";"0-0";Osnovna škola Nedelišće;Ivica;Paić
"01-160-001";"0-0";Osnovna škola Vladimir Deščak;Ivica;Pavlić
"02-040-501";"0-0";Srednja škola Krapina;Ivica;Rozijan
"16-111-502";"0-0";Gimnazija Županja;Ivica;Živković
"21-114-507";"0-0";VII. gimnazija;Ivka;Nevistić
"01-157-001";"0-0";Osnovna škola Klinča Sela;Ivo;Karača
"14-022-002";"0-0";Osnovna škola Ivan Goran Kovačić;Ante;Andabak
"18-069-509";"0-0";Strukovna škola Pula;Ivo;Bebek
"17-057-002";"0-0";Osnovna škola 1. listopada 1942.;Ivan;Sladojević
"14-060-021";"0-0";Prosvjetno-kulturni centar Mađara u Republici Hrvatskoj;Janoš;Andoči
"14-390-001";"0-0";Osnovna škola Darda;Janoš;Boni
"05-086-501";"0-0";Prva gimnazija Varaždin;Janja;Banić
"17-126-509";"0-0";V. gimnazija Vladimir Nazor Split;Ankica;Kovač
"17-083-501";"0-0";Srednja škola Ivana Lucića - Trogir;Jakša;Geić
"02-110-001";"0-0";Osnovna škola Zlatar Bistrica;Jasna;Kokot Pelko
"08-289-001";"0-0";Osnovna škola Ivanke Trohar;Jasna;Štimac
"07-265-001";"0-0";Češka osnovna škola Josipa Ružičke Končanica - Česká základní škola Josefa Růžičky Končenice;Jaromir;Vrabec
"21-114-052";"0-0";Osnovna škola bana Josipa Jelačića;Jelena;Ivaci
"07-004-005";"0-0";V.osnovna škola                                                           ;Jasmina;Vuković
"04-034-507";"0-0";Medicinska škola;Jasminka;Štajcer
"01-539-001";"0-0";Osnovna škola Ante Kovačića;Jasna;Horvat
"17-126-513";"0-0";Srednja tehnička prometna škola;Josip;Balić
"08-281-001";"0-0";Osnovna škola Sveti Matej;Josip;Crnić
"16-428-001";"0-0";Osnovna škola Matija Gubec;Jasna;Varga
"08-292-501";"0-0";Srednja škola Ambroza Haračića;Jelena;Bralić
"08-280-001";"0-0";Osnovna škola Klana;Jelena;Grbčić Samardžić
"16-088-506";"0-0";Drvodjelska tehnička škola;Josip;Jovanovac
"12-335-001";"0-0";Osnovna škola Sibinjskih žrtava;Josip;Šišmanović
"16-088-508";"0-0";Zdravstvena i veterinarska škola dr. Andrije Štampara Vinkovci;Josip;Šuker
"17-126-011";"0-0";Osnovna škola Trstenik;Antonela;Petrić
"04-034-001";"0-0";Osnovna škola Banija;Antonija;Mastelić Milanović
"03-054-001";"0-0";Osnovna škola Novska;Antonija;Mirosavljević
"17-075-504";"0-0";Franjevačka klasična gimnazija u Sinju s pravom javnosti;Josko;Kodžoman
"16-111-503";"0-0";Tehnička škola Županja;Jozo;Jurkić
"13-353-002";"0-0";Osnovna škola Galovac;Josip;Lučić
"14-060-004";"0-0";Osnovna škola Antuna Mihanovića;Josip;Mandurić
"20-604-001";"0-0";Osnovna škola Gornji Mihaljevec;Karmen;Sklepić
"08-048-001";"0-0";Osnovna škola Frane Petrića;Josip;Pope
"21-114-555";"0-0";Škola za montažu instalacija i metalnih konstrukcija;Josip;Rodin
"21-114-543";"0-0";Prehrambeno-tehnološka škola;Josip;Šestak
"03-076-003";"0-0";Osnovna škola "Braća Bobetko" Sisak";Karolina;Čutuk
"06-150-001";"0-0";Osnovna škola Koprivnički Bregi;Karolina;Vidović
"13-360-001";"0-0";Osnovna škola "Petar Zoranić";Kata;Knežević
"16-440-002";"0-0";Osnovna škola Josip Kozarac Soljani;Katarina;Marjanović
"17-126-009";"0-0";Osnovna škola Brda;Katarina;Zelić
"17-126-015";"0-0";Osnovna škola Split 3;Jure;Kunac
"01-153-001";"0-0";Osnovna škola Stjepan Radić;Jure;Mišković
"13-055-501";"0-0";Srednja škola Obrovac;Jurica;Ćurko
"16-437-002";"0-0";Osnovna škola Vođinci;Katica;Gudelj
"05-086-506";"0-0";Gospodarska škola Varaždin;Katica;Kalogjera  Novak
"21-114-050";"0-0";Osnovna škola Dragutina Domjanića;Karmen;Hlad
"18-494-001";"0-0";Osnovna škola Vitomir Širola-Pajo;Klara;Švraka
"21-114-111";"0-0";Osnovna škola Iver;Katarina;Rajković
"18-069-005";"0-0";Osnovna škola Tone Peruška Pula;Kristijan;Cinkopan
"10-307-001";"0-0";Osnovna škola Antuna Gustava Matoša;Kristina;Krmpotić
"13-107-007";"0-0";Osnovna škola Bartula Kašića;Katica;Skukan
"06-253-001";"0-0";Osnovna škola Andrije Palmovića;Krunoslav;Belaj
"08-058-504";"0-0";Hotelijersko-turistička škola;Ksenija;Beljan
"21-114-068";"0-0";Osnovna škola Voltino;Ksenija;Gluhak
"08-071-012";"0-0";Osnovna škola Kozala;Kim;Anić
"11-327-001";"0-0";Osnovna škola Lipik;Klaudija;Kovač
"17-461-001";"0-0";Osnovna škola Gradac;Koni;Bulfon
"21-114-117";"0-0";Poliklinika za rehabilitaciju slušanja i govora Suvag;Koraljka;Bakota
"07-012-001";"0-0";Osnovna škola Vladimira Nazora;Kornelija;Častek
"21-114-106";"0-0";Osnovna škola Ivana Granđe;Leonida;Udovičić
"12-346-001";"0-0";Osnovna škola Antun Mihanović Nova Kapela Batrina;Lidija;Grozdanović
"04-034-505";"0-0";Ekonomsko-turistička škola;Lidija;Mikšić
"14-001-002";"0-0";Osnovna škola Dr. Franjo Tuđman;Lidija;Šumiga
"17-093-001";"0-0";Osnovna škola Vrgorac;Krešimir;Kuran
"10-089-501";"0-0";Gimnazija Petra Preradovića Virovitica;Kristijan;Gostimir
"13-362-001";"0-0";Osnovna škola Valentin Klarin Preko;Kristijan;Smud
"14-060-515";"0-0";Škola primijenjene umjetnosti i dizajna Osijek;Kristina;Kopf
"18-006-501";"0-0";Srednja škola "Vladimir Gortan" - Scuola media superiore "Vladimir Gortan";Dolores;Mihelić Malbašić
"18-069-003";"0-0";Osnovna škola Centar;Loreta;Ribarić
"21-114-087";"0-0";I. osnovna škola Dugave;Kristina;Vidović
"19-018-010";"0-0";Osnovna škola Montovjerna;Lucija;Vujica
"16-431-001";"0-0";Osnovna škola Zrinskih Nuštar;Krunoslav;Šarić
"01-550-001";"0-0";Osnovna škola Bedenica;Krunoslav;Ujlaki
"21-114-066";"0-0";Osnovna škola Matije Gupca;Ljiljana;Klinger
"16-096-002";"0-0";Osnovna škola Dragutina Tadijanovića;Lidija;Miletić
"14-060-511";"0-0";Ekonomska i upravna škola Osijek;Lidija;Žaper
"19-517-001";"0-0";Osnovna škola Vela Luka;Lucijana;Mirošević
"02-552-001";"0-0";Osnovna škola Gornje Jesenje;Ljerka;Malogorski Dragoslavić
"08-071-019";"0-0";Osnovna škola Turnić;Ljiljana;Kulaš - Jutrović
"10-059-001";"0-0";Osnovna škola Ivane Brlić-Mažuranić Orahovica;Maja;Škraba
"15-081-010";"0-0";Katolička osnovna škola;S. Mandica;Starčević
"15-081-012";"0-0";Osnovna škola "Meterize";Margit;Vrbičić
"21-114-041";"0-0";Osnovna škola Žitnjak;Margita;Madunić Kaniški
"21-114-156";"0-0";Osnovna škola Kajzerica;Majda;Tometić
"18-007-501";"0-0";Srednja škola Buzet;Margareta;Gumilar
"20-527-003";"0-0";Osnovna škola Draškovec;Margit;Mirić
"06-260-001";"0-0";Osnovna škola prof. Franje Viktora Šignjara;Marica;Cik Adaković
"17-047-002";"0-0";Osnovna škola Stjepana Ivičevića;Marica;Gržić
"15-081-007";"0-0";Osnovna škola Vrpolje;Marija;Konjevoda
"17-456-002";"0-0";Osnovna škola Runović;Marija;Biočić
"21-114-085";"0-0";Osnovna škola Gustava Krkleca;Marija;Luković
"18-068-001";"0-0";Osnovna škola Poreč;Marija;Mufić Santin
"17-126-501";"0-0";Prirodoslovna škola Split;Marija;Pustak
"15-036-001";"0-0";Osnovna škola Domovinske zahvalnosti;Marija;Stojanović
"16-433-003";"0-0";Osnovna škola Stjepana Antolovića;Marija;Grgurovac
"03-025-501";"0-0";Srednja škola Glina;Marija;Margušić-Novosel
"15-416-002";"0-0";Osnovna škola Čista Velika;Marijan;Belamarić
"16-111-002";"0-0";Osnovna škola Mate Lovraka;Marijan;Oršolić
"01-164-001";"0-0";Osnovna škola Dubrava;Marijana;Kozumplik Kemenović
"12-348-002";"0-0";Osnovna škola Vladimir Nazor;Marija;Petričević
"10-089-506";"0-0";Katolička klasična gimnazija s pravom javnosti u Virovitici;Marijana;Novak Stanić
"16-425-001";"0-0";Osnovna škola Franjo Hanaman;Marijana;Raguž
"08-071-517";"0-0";Prometna škola;Marijeta;Mašić
"20-010-010";"0-0";Osnovna škola Kuršanec;Marija;Tepalović
"19-049-501";"0-0";Srednja škola Metković;Marijo;Obradović
"17-126-514";"0-0";Tehnička škola za strojarstvo i mehatroniku;Marin;Tvrdić
"03-076-507";"0-0";Ekonomska škola Sisak;Marina;Jovanić
"21-114-138";"0-0";Osnovna škola Luka;Marina;Sabolović
"10-315-001";"0-0";Osnovna škola Suhopolje;Anto;Škraba
"19-602-001";"0-0";Osnovna škola Župa dubrovačka                                                    ;Anton;Jurkić
"08-071-503";"0-0";Trgovačka i tekstilna škola u Rijeci;Antonija;Bukša
"20-526-001";"0-0";Osnovna škola Podturen;Marijana;Cerovec
"21-114-593";"0-0";Glazbena škola Vatroslava Lisinskog;Antonio;Mrčela
"13-357-002";"0-0";Osnovna škola braće Radić;Antonio;Zubčić
"05-238-001";"0-0";Osnovna škola Sveti Đurđ;Mario;Bontek
"21-114-007";"0-0";Osnovna škola Ksavera Šandora Gjalskog;Mario;Keča
"21-114-596";"0-0";Glazbena škola Zlatka Balokovića;Marjan;Krajna
"19-112-004";"0-0";Osnovna škola Ivo Dugandžić-Mišić;Marjan;Scipioni
"08-071-005";"0-0";Osnovna škola Zamet;Marjana;Seršić
"16-438-003";"0-0";Osnovna škola Tordinci;Antun;Maletić
"17-126-033";"0-0";Centar za autizam Split;Anja;Jelaska
"18-072-003";"0-0";Osnovna škola Jurja Dobrile Rovinj;Marin;Mihovilović
"17-126-027";"0-0";Osnovna škola Stobreč;Marina;Baćak
"16-435-001";"0-0";Osnovna škola Čakovci;Marina;Balić
"05-229-002";"0-0";Osnovna škola Šemovec;Marina;Hižak
"19-508-002";"0-0";Osnovna škola Janjina;Marina;Palihnić
"01-155-001";"0-0";Osnovna škola Pušća;Arsen;Šarunić
"08-293-001";"0-0";Osnovna škola Dr. Andrija Mohorovičić;Astrid;Massari
"03-076-002";"0-0";Osnovna škola 22. lipnja;Azra;Rađenović
"09-015-001";"0-0";Osnovna škola Donji Lapac;Marko;Matić
"08-071-024";"0-0";Osnovna škola Fran Franković;Marko;Starčević
"11-077-502";"0-0";Ekonomska škola, Požega;Marinka;Parac
"20-519-001";"0-0";Osnovna škola Belica;Antun;Žulić
"18-501-002";"0-0";Talijanska osnovna škola Galileo Galilei;Arden;Sirotić
"06-037-504";"0-0";Umjetnička škola Fortunat Pintarić;Ariana;Šandl
"21-114-520";"0-0";Škola za medicinske sestre Mlinarska;Asja;Jelaković
"04-201-001";"0-0";Osnovna škola "Antun Klasinc" Lasinja";Mario;Crnolatec
"01-032-003";"0-0";Osnovna škola Josipa Badalića Graberje Ivanićko;Martina;Novak
"01-109-501";"0-0";Srednja škola Dragutina Stražimira;Martina;Zerec
"02-040-001";"0-0";Osnovna škola Augusta Cesarca, Krapina;Matilda;Juričev Žigman
"05-086-006";"0-0";VI. osnovna škola Varaždin;Mario;Stančić
"18-504-001";"0-0";Osnovna škola Vodnjan - Scuola elementare Dignano;Barbara;Buršić-Križanac
"17-475-001";"0-0";Osnovna škola Komiža;Melita;Mardešić
"12-349-002";"0-0";Osnovna škola Markovac;Melita;Selichar
"20-527-001";"0-0";Osnovna škola Prelog;Melita;Trupković
"21-114-624";"0-0";Srednja škola Jelkovec;Marko;Kovačević
"16-420-001";"0-0";Osnovna škola fra Bernardina Tome Leakovića;Marko;Kovačević
"07-004-001";"0-0";I. osnovna škola Bjelovar;Martina;Supančić
"17-126-021";"0-0";Osnovna škola Pujanki;Mate;Glavinović
"06-041-004";"0-0";Centar za odgoj, obrazovanje i rehabilitaciju Križevci;Mihaela;Brkić
"05-234-001";"0-0";Osnovna škola grofa Janka Draškovića;Mijo;Barišić
"17-126-022";"0-0";Osnovna škola Žrnovnica;Matija;Šitum
"17-463-001";"0-0";Osnovna škola Bariše Granića Meštra;Matko;Granić
"16-088-504";"0-0";Ekonomska i trgovačka škola Ivana Domca;Mato;Džalto
"03-066-501";"0-0";Srednja škola Petrinja;Milan;Orlić
"18-006-503";"0-0";Gospodarska škola Istituto professionale;Milivoj;Gospić
"17-459-003";"0-0";Osnovna škola Primorski Dolac;Mila;Mišković
"09-455-001";"0-0";Osnovna škola Plitvička Jezera;Milan;Podnar
"02-177-501";"0-0";Srednja škola Konjščina;Milojka;Rataić
"11-322-001";"0-0";Osnovna škola Zdenka Turkovića;Miljenko;Crnjac
"08-058-002";"0-0";Osnovna škola Rikard Katalinić Jeretov;Milana;Međimorec
"21-114-064";"0-0";Osnovna škola Julija Klovića;Milena;Laco
"05-223-001";"0-0";Osnovna škola Kneginec Gornji;Miljenko;Rožmarić
"12-078-510";"0-0";Glazbena škola Slavonski Brod;Mirela;Jagodić
"21-114-514";"0-0";Gimnazija Lucijana Vranjanina;Milica;Medak
"17-126-515";"0-0";Obrtna tehnička škola                                                ;Milivoj;Kalebić
"21-114-060";"0-0";Osnovna škola Ivana Meštrovića;Milivoj;Magerl
"04-214-001";"0-0";Osnovna škola Netretić;Miodrag;Popović
"18-506-001";"0-0";Osnovna škola Vladimira Gortana;Miranda;Damijanić Roce
"12-051-502";"0-0";Industrijsko obrtnička škola;Mirela;Brlić Trnka
"03-076-008";"0-0";Osnovna škola Budaševo - Topolovac - Gušće;Mirela;Maričević
"06-559-001";"0-0";Osnovna škola Ivan Lacković Croata Kalinovac;Mirjana;Bazijanec
"21-114-033";"0-0";Osnovna škola Bukovac;Mirjana;Boras
"10-305-001";"0-0";Osnovna škola Ivan Goran Kovačić;Mirjana;Buneta-Knežević
"03-190-001";"0-0";Osnovna škola Josipa Kozarca;Mirjana;Faltis
"21-114-010";"0-0";Osnovna škola Otona Ivekovića;Biserka;Šćurić
"21-114-016";"0-0";Osnovna škola Antuna Mihanovića;Beatrica;Šurbek
"21-114-537";"0-0";Treća ekonomska škola;Bernard;Iličić
"13-107-006";"0-0";Osnovna škola Smiljevac;Bernardo;Kotlar
"02-097-503";"0-0";Gimnazija Antuna Gustava Matoša;Bibijana;Šlogar
"13-107-501";"0-0";Gimnazija Franje Petrića Zadar;Blanka;Pedišić
"21-114-512";"0-0";XII. gimnazija;Blaženka;Ječminek
"05-230-001";"0-0";Osnovna škola Vinica;Mirjana;Jambriško
"05-086-505";"0-0";Medicinska škola Varaždin;Mirjana;Grabar Kruljac
"20-520-001";"0-0";Osnovna škola Donja Dubrava;Mirjana;Ribić
"16-425-003";"0-0";Osnovna škola Davorin Trstenjak;Mirna;Slavković Misir
"18-044-002";"0-0";Osnovna škola "Ivo Lola Ribar" Labin ";Miro;Alilović
"17-465-001";"0-0";Osnovna škola Kamešnica;Miroslav;Jukić
"17-474-001";"0-0";Osnovna škola Milana Begovića;Mirjana;Vodanović Mandarić
"15-036-502";"0-0";Srednja škola Lovre Montija;Mirko;Antunović
"14-022-503";"0-0";Srednja strukovna škola Antuna Horvata;Mirko;Ćurić
"09-380-001";"0-0";Osnovna škola kralja Tomislava;Mirko;Dragičević
"17-464-001";"0-0";Osnovna škola Ivan Duknović;Mirko;Matijaš
"06-256-001";"0-0";Osnovna škola Kloštar Podravski;Mirko;Šandrovčan
"14-398-001";"0-0";Osnovna škola Ivane Brlić Mažuranić;Miroslav;Čukić
"21-114-539";"0-0";Ugostiteljsko-turističko učilište;Mladen;Smodlaka
"06-259-001";"0-0";Osnovna škola Ferdinandovac;Miroslav;Fuček
"21-114-005";"0-0";Osnovna škola Pantovčak;Miroslav;Klobučar
"21-114-594";"0-0";Glazbena škola Blagoja Berse;Mislav;Defar
"14-022-005";"0-0";Osnovna škola Đakovački Selci;Nada;Denić
"10-067-503";"0-0";Industrijsko-obrtnička škola Slatina;Mladen;Graovac
"18-485-002";"0-0";Osnovna škola Vladimira Nazora Potpićan;Nada;Peršić
"21-114-080";"0-0";Osnovna škola Trnjanska;Nada;Šimić
"12-078-009";"0-0";Osnovna škola Milan Amruš;Nataša;Čošić
"08-297-001";"0-0";Osnovna škola dr. Branimira Markovića                                                                                                ;Nataša;Možgon Kauzlarić
"12-078-006";"0-0";Osnovna škola Vladimir Nazor;Nataša;Stanković
"14-404-001";"0-0";Osnovna škola Silvije Strahimir Kranjčević;Nataša;Šego
"17-126-007";"0-0";Osnovna škola Pojišan;Boris;Poljak
"21-114-056";"0-0";Osnovna škola Malešnica;Boro;Šarušić
"15-081-011";"0-0";Centar za odgoj i obrazovanje Šubićevac;Nataša;Tucak
"03-092-002";"0-0";Osnovna škola Gvozd;Natko;Rupčić
"17-030-502";"0-0";Obrtničko-industrijska škola u Imotskom;Nediljko;Biočić
"08-071-508";"0-0";Građevinska tehnička škola;Boris;Petrović
"01-087-505";"0-0";Umjetnička škola Franje Lučića;Borut;Vidošević
"21-114-548";"0-0";Strojarska tehnička škola Frana Bošnjakovića;Bosiljka;Galenić
"14-016-501";"0-0";Srednja škola Donji Miholjac;Nenad;Perić
"20-525-002";"0-0";Osnovna škola dr. Ivana Novaka Macinec;Božena;Dogša
"13-353-001";"0-0";Osnovna škola Zemunik;Božena;Župan
"15-081-004";"0-0";Osnovna škola Jurja Dalmatinca Šibenik;Natko;Duvnjak
"17-126-511";"0-0";Ekonomska i upravna škola;Neda;Bartulin
"08-044-001";"0-0";Osnovna škola Malinska-Dubašnica;Nedeljka;Turčić
"01-545-001";"0-0";Osnovna škola Slavka Kolara;Nikola;Tonković
"19-018-002";"0-0";Osnovna škola Lapad;Nikolina;Soko
"15-413-001";"0-0";Osnovna škola Primošten;Nedjeljko;Marinov
"19-038-502";"0-0";Srednja škola Vela Luka;Ofelija;Dragojević
"03-039-501";"0-0";Srednja škola Ivana Trnskoga;Olga;Mijočević
"21-114-019";"0-0";Osnovna škola Dr. Ante Starčevića;Nikica;Mihaljević
"03-043-007";"0-0";Osnovna glazbena škola Borisa Papandopula;Nikola;Šćapec
"10-089-504";"0-0";Strukovna škola Virovitica;Pavica;Biondić-Ivanković
"17-124-005";"0-0";Osnovna škola prof. Filipa Lukasa;Petar;Mustapić
"05-225-001";"0-0";Osnovna škola Vidovec;Predrag;Mašić
"17-126-508";"0-0";IV. gimnazija Marko Marulić;Ninočka;Knežević
"21-114-590";"0-0";Škola suvremenog plesa Ane Maletić;Oksana;Čuljat
"08-058-502";"0-0";Gimnazija Eugena Kumičića Opatija;Oliver;Kvasina
"08-071-017";"0-0";Osnovna škola Škurinje Rijeka;Orlando;Baličević
"06-037-004";"0-0";Centar za odgoj, obrazovanje i rehabilitaciju Podravsko sunce;Radmila;Popović
"05-230-501";"0-0";Srednja škola "Arboretum Opeka";Rajka;Tršinski
"17-047-001";"0-0";Osnovna škola o. Petra Perice Makarska;Renata;Gudelj
"18-069-506";"0-0";Ekonomska škola Pula;Petko;Radulović
"08-071-507";"0-0";Prirodoslovna i grafička škola Rijeka;Radenko;Bradić
"02-097-502";"0-0";Škola za umjetnost, dizajn, grafiku i odjeću Zabok;Božica;Šarić
"02-187-001";"0-0";Osnovna škola Sveti Križ Začretje;Božidar;Kučko
"05-235-001";"0-0";Osnovna škola Andrije Kačića Miošića;Rahela;Blažević
"13-107-503";"0-0";Gimnazija Jurja Barakovića;Ranko;Artuković
"01-548-001";"0-0";Osnovna škola Luka;Renata;Meglić
"03-066-001";"0-0";I. osnovna škola Petrinja;Robert;Groza
"03-025-001";"0-0";Osnovna škola Glina;Robertina;Štajdohar
"21-114-002";"0-0";Osnovna škola Jabukovac - Zagreb;Romana;Šimunić Cvrtila
"14-060-507";"0-0";Poljoprivredna i veterinarska škola Osijek;Rudi;Lukačević
"21-114-528";"0-0";Elektrotehnička škola;Renato;Matejaš
"10-067-001";"0-0";Osnovna škola Eugena Kumičića;Božica;Majhen
"03-076-501";"0-0";Gimnazija Sisak;Božidar;Dujmić
"16-612-001";"0-0";Osnovna škola Negoslavci;Branislav;Danilovac
"08-071-033";"0-0";Centar za autizam Rijeka;Sandra;Čavrak
"11-064-001";"0-0";Osnovna škola braće Radića Pakrac;Sanja;Delač
"03-043-001";"0-0";Osnovna škola Banova Jaruga;Sanja;Marčec
"02-171-001";"0-0";Osnovna škola Matije Gupca;Sanja;Knezić
"15-376-001";"0-0";Osnovna škola Kistanje;Sanja;Marasović Stručić
"10-089-002";"0-0";Osnovna škola Vladimir Nazor Virovitica;Sanjica;Samac
"16-088-509";"0-0";Poljoprivredno šumarska škola Vinkovci;Ružica;Zucić
"06-254-001";"0-0";Osnovna škola Sokolovac;Saša;Korkut
"10-308-001";"0-0";Osnovna škola Ivana Gorana Kovačića Gornje Bazje;Saša;Topić
"14-393-002";"0-0";Osnovna škola Miroslava Krleže;Branka;Mack-Savanović
"17-444-501";"0-0";Srednja škola Bol;Sani;Bodlović
"19-510-001";"0-0";Osnovna škola Mljet;Sanja;Lazo
"17-446-001";"0-0";Osnovna škola Vladimira Nazora;Sanja;Nejašmić
"06-037-003";"0-0";Osnovna škola "Đuro Ester";Sanja;Prelogović
"12-051-503";"0-0";Elektrotehnička i ekonomska škola;Sanja;Müller-Zoričić
"15-017-001";"0-0";Osnovna škola Antuna Mihanovića Petropoljskog;Saša;Kolombo
"15-081-505";"0-0";Turističko-ugostiteljska škola Šibenik;Senka;Dodig
"17-445-001";"0-0";Osnovna škola Pučišća;Siniša;Lučić Lavčević
"08-013-501";"0-0";Srednja škola Delnice;Slađana;Srkoč
"08-058-501";"0-0";Ugostiteljska škola Opatija;Sibila;Roth
"13-357-001";"0-0";Osnovna škola Novigrad;Branka;Maroja
"16-421-001";"0-0";Osnovna škola Siniše Glavaševića;Slavica;Mišić
"13-107-511";"0-0";Obrtnička škola Gojka Matuline Zadar;Silvana;Ujdur Bilan
"21-114-565";"0-0";GIMNAZIJA SESVETE;Slavko;Ivanković
"17-124-003";"0-0";Osnovna škola Ostrog;Silvana;Maganjić
"08-009-001";"0-0";Osnovna škola Petar Zrinski Čabar;Silvana;Šebalj-Mačkić
"14-394-002";"0-0";Osnovna škola Laslovo;Silvija;Bocka
"04-034-510";"0-0";Mješovita industrijsko-obrtnička škola;Snježana;Erdeljac
"21-114-094";"0-0";Osnovna škola Većeslava Holjevca;Slaven;Staklenac
"01-087-005";"0-0";Osnovna škola Eugena Kumičića;Snježana;Ruklić
"08-071-018";"0-0";Osnovna škola "Trsat";Sonja;Lefler
"01-033-501";"0-0";Srednja škola Jastrebarsko;Sonja;Stipanović
"09-302-001";"0-0";Osnovna škola Perušić;Snježana;Milković
"16-439-002";"0-0";Osnovna škola Bobota;Brankica;Maletić
"14-407-001";"0-0";Osnovna škola Matija Gubec;Branko;Belcar
"20-531-001";"0-0";Osnovna škola Štrigova;Stanislav;Rebernik
"07-004-507";"0-0";Obrtnička škola Bjelovar;Branko;Cvetković
"17-075-501";"0-0";Srednja strukovna škola bana Josipa Jelačića;Stipe;Ivišić
"07-004-508";"0-0";Turističko-ugostiteljska i prehrambena škola Bjelovar;Dalibor;Vukalović
"21-114-509";"0-0";IX. gimnazija;Sonja;Lušić Radošević
"02-014-001";"0-0";Osnovna škola Donja Stubica;Sonja;Martinek
"14-022-006";"0-0";Osnovna škola Matija Gubec;Damir;Iletić
"21-114-508";"0-0";Gimnazija Tituša Brezovačkog;Damir;Jelenski
"20-521-001";"0-0";Osnovna škola Hodošan;Damir;Kovačić
"08-071-515";"0-0";Graditeljska škola za industriju i obrt;Damir;Milišić
"04-034-509";"0-0";Trgovačko-ugostiteljska škola;Damir;Pleša
"14-394-001";"0-0";Osnovna škola Ernestinovo;Damir;Škrlec
"02-014-004";"0-0";Osnovna škola Vladimir Bosnar Stubičke Toplice;Brigitte;Gmaz
"18-044-501";"0-0";Srednja škola Mate Blažine Labin;Čedomir;Ružić
"21-114-556";"0-0";Upravna škola Zagreb;Suzana;Hitrec
"03-054-002";"0-0";Osnovna škola Rajić;Damir;Blažeković
"18-065-501";"0-0";Gimnazija i strukovna škola Jurja Dobrile, Pazin;Suzana;Poropat-Božac
"10-089-507";"0-0";Glazbena škola Jan Vlašimsky Virovitica;Damir;Mihaljević
"08-071-524";"0-0";Škola za primijenjenu umjetnost u Rijeci;Damir;Šegota
"16-424-001";"0-0";Osnovna škola Antun i Stjepan Radić;Stipica;Mišura
"14-399-001";"0-0";Osnovna škola Petrijevci;Susana;Dundović
"19-018-504";"0-0";Ekonomska i trgovačka škola;Suzana;Đurđević
"16-439-003";"0-0";Osnovna škola Bršadin;Tatjana;Lukić
"21-114-053";"0-0";Osnovna škola grofa Janka Draškovića;Danica;Rajković
"01-544-001";"0-0";Osnovna škola Pokupsko;Štefica;Facko Vrban
"21-114-090";"0-0";Osnovna škola Sveta Klara;Tajana;Babić
"16-425-002";"0-0";Osnovna škola Ivan Filipović;Tamara;Ilišević
"17-075-502";"0-0";Gimnazija Dinka Šimunovića u Sinju;Tomislav;Bilić
"08-071-504";"0-0";Srednja škola za elektrotehniku i računalstvo;Tomislav;Klarić
"03-196-001";"0-0";Osnovna škola Ludina;Tomislav;Pavlović
"08-275-001";"0-0";Osnovna škola Bakar;Tomislav;Uzelac-Šćiran
"14-405-001";"0-0";Osnovna škola Milka Cepelića;Danijel;Slobođanac
"01-198-001";"0-0";Osnovna škola braće Radića   ;Tatjana;Bakarić
"08-071-016";"0-0";Osnovna škola Nikola Tesla;Tatjana;Bandera-Mrakovčić
"21-114-092";"0-0";Osnovna škola Stjepana Bencekovića;Tatjana;Bračun Haddad
"16-432-001";"0-0";Osnovna škola Ivan Kozarac;Tatjana;Knežević
"21-114-048";"0-0";Osnovna škola Stenjevec;Valentina;Kabić Bratuša
"12-336-002";"0-0";Osnovna škola Sikirevci;Terezija;Štrljić
"19-112-001";"0-0";Osnovna škola "Vladimir Nazor";Tihana;Pažin
"21-114-505";"0-0";V. gimnazija;Tihomir;Engelsfeld
"16-421-002";"0-0";Osnovna škola Blage Zadre;Tihomir;Hideg
"17-465-002";"0-0";Osnovna škola Ivana Mažuranića;Tomislav;Budimir
"21-114-029";"0-0";Osnovna škola Augusta Harambašića;Tomislav;Filić
"13-107-514";"0-0";Prirodoslovno-grafička škola;Tomislav;Grbin
"20-527-501";"0-0";Srednja škola Prelog;Tomislav;Gregur
"03-076-508";"0-0";Glazbena škola Frana Lhotke;Tomislav;Ivšić
"19-045-001";"0-0";Osnovna škola "Braća Glumac";Vedrana;Ortika Medini
"06-023-001";"0-0";Osnovna škola Đurđevac;Danijel;Domišljanović
"12-333-001";"0-0";Osnovna škola Vjekoslav Klaić;Danijela;Erić
"14-001-501";"0-0";Gimnazija Beli Manastir;Veljko;Frank
"03-192-001";"0-0";Osnovna škola Braća Radić                                                                     ;Verica;Pleša
"13-002-001";"0-0";Osnovna škola Benkovac;Tonći;Kuman
"12-078-008";"0-0";Osnovna škola Blaž Tadijanović;Veronika;Čerenko
"19-018-004";"0-0";Osnovna škola Ivana Gundulića;Vedrana;Elez
"04-219-001";"0-0";Osnovna škola Eugena Kvaternika;Vera;Ljubanović Grdić
"04-209-001";"0-0";Osnovna škola Barilović;Vesna;Car
"02-123-501";"0-0";Srednja škola Pregrada;Vilmica;Kapac
"12-051-002";"0-0";Osnovna škola Mato Lovrak;Vesna;Lončar-Cindrić
"06-248-001";"0-0";Osnovna škola Gola;Violeta;Pranjić
"08-296-001";"0-0";Osnovna škola Skrad;Vjekoslav;Pintar
"02-180-001";"0-0";Osnovna škola Mače;Vladimir;Grudenić
"14-060-504";"0-0";II. gimnazija Osijek;Vladimir;Minarik
"10-089-503";"0-0";Industrijsko-obrtnička škola Virovitica;Vladimir;Reider
"04-034-005";"0-0";Osnovna škola Grabrik;Darija;Begedin
"20-010-002";"0-0";II. osnovna škola Čakovec;Vinko;Grgić
"08-071-020";"0-0";Osnovna škola Vežica;Violeta;Nikolić
"01-032-002";"0-0";Osnovna škola Stjepana Basaričeka;Vlatka;Koletić
"16-426-002";"0-0";Osnovna škola Dr. Franjo Tuđman;Vlatka;Sirovica
"21-114-075";"0-0";Osnovna škola Grigora Viteza;Vlatka;Kovač
"21-114-523";"0-0";Škola za medicinske sestre Vrapče;Višnja;Vičić - Hudorović
"16-111-001";"0-0";Osnovna škola Ivana Kozarca Županja;Vladimir;Jozanović
"19-507-002";"0-0";Osnovna škola Gruda;Zdenka;Pivčić
"21-114-105";"0-0";Osnovna škola Vugrovec - Kašina;Vladimir;Vuger
"21-114-517";"0-0";Klasična gimnazija;Zdravka;Martinić-Jerčić
"21-114-532";"0-0";Geodetska škola;Zdravka;Šimić
"02-123-001";"0-0";Osnovna škola Janka Leskovara;Zdravka;Žiger
"14-388-001";"0-0";Osnovna škola Bilje;Vlatka;Hmelik
"06-037-502";"0-0";Obrtnička škola Koprivnica;Zlatko;Martić
"21-114-538";"0-0";Prirodoslovna škola Vladimira Preloga;Zlatko;Stić
"20-522-001";"0-0";Osnovna škola Goričan;Zlatko;Varošanec
"08-275-002";"0-0";Osnovna škola Hreljin;Zoran;Pavletić
"14-328-001";"0-0";Osnovna škola Hinka Juhna Podgorač;Zdenka;Vukomanović
"15-081-506";"0-0";Gimnazija Antuna Vrančića;Zoran;Smolić
"02-177-001";"0-0";Osnovna škola Konjščina;Zoran;Vuger
"15-081-508";"0-0";Industrijsko-obrtnička škola Šibenik;Zoran;Živković
"17-083-001";"0-0";Osnovna škola Majstora Radovana;Zorana;Brodarić
"04-056-501";"0-0";Obrtnička i tehnička škola Ogulin;Zrinka;Ceranić-Jurković
"11-324-001";"0-0";Osnovna škola Ivan Goran Kovačić;Zdravko;Barun
"21-114-047";"0-0";Osnovna škola Vukomerec;Zdravko;Dominik
"14-060-018";"0-0";Osnovna škola Ivana Filipovića;Zlatko;Kraljević
"21-114-078";"0-0";Osnovna škola Marina Držića;Zvonimir;Bićanić
"14-022-004";"0-0";Osnovna škola Josipa Antuna Ćolnića;Zvonko;Belvanović
"19-049-003";"0-0";Osnovna glazbena škola Metković;Zvonko;Knežević
"04-056-001";"0-0";Prva osnovna škola;Zvonko;Ranogajec
"19-018-003";"0-0";Osnovna škola Marina Držića;Zrinka;Capor
"11-077-001";"0-0";Osnovna škola Dobriša Cesarić;Zvjezdana;Krip
"17-126-029";"0-0";Osnovna škola Slatine;Željka;Ninčević
"04-213-001";"0-0";Osnovna škola Katarine Zrinski;Željka;Stojković
"13-063-001";"0-0";Osnovna škola Jurja Dalmatinca Pag;Željka;Zubović
"05-031-004";"0-0";Osnovna škola Metel Ožegović;Željkica;Hanžek-Paska
"19-049-002";"0-0";Osnovna škola don Mihovila Pavlinovića ;Žana;Dodig
"17-443-001";"0-0";Osnovna škola "Strožanac";Žana;Prižmić
"21-114-115";"0-0";Centar za autizam;Žarka;Klopotan
"01-094-001";"0-0";Osnovna škola Krunoslava Kutena;Žarko;Popović
"07-004-502";"0-0";Gimnazija Bjelovar;Želimir;Vujić
"09-455-501";"0-0";Srednja škola Plitvička jezera;Željka;Brozović
"01-020-501";"0-0";Srednja škola Dugo Selo;Darinka;Svetec
"21-114-551";"0-0";Obrtnička škola za osobne usluge;Darinka;Štampar Šmaguc
"11-064-501";"0-0";Srednja škola Pakrac;Dario;Čilić
"03-043-005";"0-0";Osnovna škola Zvonimira Franka;Dario;Duda
"21-114-079";"0-0";Osnovna škola Davorina Trstenjaka;Darko;Cindrić
"14-391-001";"0-0";Osnovna škola Ivana Kukuljevića;Darko;Kovač
"21-114-035";"0-0";Osnovna škola Ivana Gorana Kovačića;Darko;Kovačević
"20-523-001";"0-0";Osnovna škola Tomaša Goričanca Mala Subotica;Željka;Štampar Zamuda
"15-081-006";"0-0";Osnovna škola Vidici;Darko;Relja
"17-030-506";"0-0";Glazbena škola Dr. fra Ivan Glibotić - Imotski;Darko;Rimac
"06-255-002";"0-0";Osnovna škola Sidonije Rubido Erdody;Darko;Zvonar
"13-107-009";"0-0";Osnovna škola Zadarski otoci - Zadar;Davor;Barić
"18-069-504";"0-0";Škola primijenjenih umjetnosti i dizajna - Pula;Davor;Kliman
"21-114-032";"0-0";Osnovna škola Jordanovac;Davor;Krnjeta
"17-126-019";"0-0";Osnovna škola "Lokve-Gripe";Davor;Šimić
"13-055-001";"0-0";Osnovna škola Obrovac;Željko;Modrić
"16-426-501";"0-0";Srednja škola Ilok;Željko;Prskalo
"21-114-135";"0-0";Osnovna škola Špansko Oranice;Darko;Cesar
"15-081-002";"0-0";Osnovna škola Petra Krešimira IV.;Darko;Junaković
"04-079-501";"0-0";Srednja škola Slunj;Diana;Cindrić
"08-293-002";"0-0";Osnovna škola Drago Gervais;Dijana;Valentin
"17-473-001";"0-0";Osnovna škola Trilj;Davor;Hrgović
"08-282-001";"0-0";Osnovna škola Kraljevica;Davor;Juriša
"03-066-003";"0-0";Osnovna škola Dragutina Tadijanovića Petrinja;Davor;Miholjević
"17-057-001";"0-0";Osnovna škola Josip Pupačić;Davorka;Deur
"10-312-001";"0-0";Osnovna škola Mikleuš;Dragan;Kraljik
"04-034-002";"0-0";Osnovna škola Rečica;Dijana;Perišin
"04-212-001";"0-0";Osnovna škola Generalski Stol;Dijana;Zadrović
"17-093-501";"0-0";Srednja škola Tina Ujevića ;Drago;Mihaljević
"08-298-001";"0-0";Osnovna škola Mrkopalj;Dragutin;Crnić
"13-107-004";"0-0";Osnovna škola Šimuna Kožičića Benje;Dražen;Adžić
"14-060-505";"0-0";III. gimnazija Osijek;Dražen;Jakopović
"14-060-503";"0-0";I. gimnazija Osijek;Dražen;Đapić
"17-468-001";"0-0";Osnovna škola Supetar;Dubravka;Menjak
"21-114-086";"0-0";Osnovna škola Ive Andrića;Dubravka;Miklec
"16-096-005";"0-0";Osnovna škola Mitnica;Dubravka;Lemac
"21-114-501";"0-0";I. gimnazija;Dunja;Marušić Brezetić
"21-114-545";"0-0";Škola za grafiku, dizajn i medijsku produkciju;Dubravko;Deželić
"14-411-002";"0-0";Osnovna škola Bijelo Brdo;Dušan;Rađenović
"19-514-001";"0-0";Osnovna škola Otrići - Dubrave;Duško;Dominiković
"07-272-001";"0-0";Osnovna škola Berek;Dušica;Vunić
"16-096-503";"0-0";Tehnička škola Nikole Tesle;Đorđe;Lukić
"08-071-509";"0-0";Prva sušačka hrvatska gimnazija u Rijeci;Đudita;Franko
"01-108-002";"0-0";Osnovna škola Ljudevita Gaja;Đurđica;Šepac
"08-042-501";"0-0";Srednja škola Hrvatski kralj Zvonimir                                            ;Đurđica;Cvitkušić
"21-114-588";"0-0";Tehnička škola Ruđera Boškovića;Đurđica;Fuštar
"14-001-001";"0-0";Osnovna škola Šećerana;Đurđica;Petrović
"06-560-001";"0-0";Osnovna škola Kalnik;Đurđica;Sučić
"01-094-003";"0-0";Osnovna škola Marije Jurić Zagorke;Edina;Operta
"01-547-001";"0-0";Osnovna škola Bistra;Eduard;Kovačević
"09-026-005";"0-0";Osnovna škola Dr. Ante Starčević Pazarište - Klanac;Elizabeta;Starčević
"13-355-001";"0-0";Osnovna škola Poličnik;Elvis;Alić
"17-453-002";"0-0";Osnovna škola Josipa Jovića;Frano;Bilić-Prcić
"16-096-501";"0-0";Gimnazija Vukovar;Giana;Marović Zeko
"06-041-502";"0-0";Srednja škola "Ivan Seljanec" Križevci";Gordana;Juran-Ratković
"04-019-001";"0-0";Osnovna škola "Vladimir Nazor";Gordana;Krstulić
"05-086-002";"0-0";II. osnovna škola Varaždin;Ernest;Habek
"21-114-558";"0-0";Škola primijenjene umjetnosti i dizajna;Filip;Pintarić
"08-071-007";"0-0";Osnovna škola - Scuola elementare Gelsi;Gloria;Tijan
"08-071-501";"0-0";Strojarska škola za industrijska i obrtnička zanimanja;Gojko;Miletić
"21-114-136";"0-0";Osnovna škola Sesvetska Sela;Gordana;Vojnović
"04-062-001";"0-0";Osnovna škola "Slava Raškaj";Gordana;Basar
"01-109-001";"0-0";Osnovna škola Dragutina Domjanića;Gordana;Čosić
"06-037-001";"0-0";Osnovna škola Antun Nemčić Gostovinski;Gordana;Gazdić-Buhanec
"21-114-031";"0-0";Osnovna škola Markuševec;Gordana;Horvat
"08-071-511";"0-0";Gimnazija Andrije Mohorovičića Rijeka;Henry;Ponte
"11-323-001";"0-0";Osnovna škola fra Kaje Adžića Pleternica;Hrvoje;Galić
"05-086-504";"0-0";Elektrostrojarska škola;Igor;Kos
"10-317-001";"0-0";Osnovna škola Petra Preradovića;Igor;Maresić
"12-078-004";"0-0";Osnovna škola Đuro Pilar;Igor;Nikičić
"03-191-001";"0-0";Osnovna škola Mladost;Igor;Rožić
"18-069-010";"0-0";Osnovna škola Veli Vrh Pula;Ileana;Zahtila Blašković
"14-060-011";"0-0";Osnovna škola Grigor Vitez;Hrvoje;Brod
"21-114-519";"0-0";Zdravstveno učilište;Hrvoje;Odak
"15-081-501";"0-0";Ekonomska škola Šibenik;Igor;Friedrich
"21-114-518";"0-0";XVIII. gimnazija;Irena;Vajdovčić
"12-078-007";"0-0";Osnovna škola Ivana Brlić-Mažuranić;Irena;Holik
"14-393-001";"0-0";Osnovna škola Vladimir Nazor;Ilija;Pavić
"14-060-515";"0-0";Škola primijenjene umjetnosti i dizajna Osijek;Ina;Marić
"19-112-501";"0-0";Srednja škola fra Andrije Kačića Miošića;Ina;Žderić
"08-071-008";"0-0";Osnovna škola - Scuola elementare "San Nicolo" ";Iva;Bradaschia Kožul
"11-077-505";"0-0";Obrtnička škola;Iva;Šnajder
"16-427-002";"0-0";Osnovna škola Ane Katarine Zrinski;Ivan;Benković
"07-011-501";"0-0";Srednja škola Čazma;Irena;Pavlović
"18-006-502";"0-0";"Talijanska srednja škola - Scuola media superiore italiana "Leonardo da Vinci" Buje - Buie";Irena;Penko
"06-258-001";"0-0";Osnovna škola Molve;Ivan;Jaković
"04-034-508";"0-0";Tehnička škola Karlovac;Ivan;Janković
"14-022-001";"0-0";Osnovna škola Budrovci;Ivan;Jukić
"17-126-517";"0-0";Škola za dizajn, grafiku i održivu gradnju;Ivan;Kovačević
"17-030-504";"0-0";Tehnička škola u Imotskom;Ivan;Majić
"09-026-503";"0-0";Strukovna škola Gospić;Ivan;Orešković
"06-041-501";"0-0";Gimnazija Ivana Zakmardija Dijankovečkoga Križevci;Ivan;Peklić
"17-453-001";"0-0";Osnovna škola Ivana Gorana Kovačića;Ivan;Pleić
"03-076-502";"0-0";Industrijsko-obrtnička škola Sisak;Ivan;Vrbik
"08-071-023";"0-0";Osnovna škola "Srdoči";Ivan;Vukić
"16-088-502";"0-0";Gimnazija Matije Antuna Reljkovića;Ivana;Biljan
"15-416-001";"0-0";Osnovna škola Vodice;Ivana;Mikulandra
"13-027-527";"0-0";Srednja škola Gračac;Ivana;Jelinčić Lasić
"10-316-001";"0-0";Osnovna škola August Cesarec;Ivana;Simeunović
"12-341-001";"0-0";Osnovna škola Stjepan Radić Oprisavci;Ivana;Vukovarac
"09-300-001";"0-0";Osnovna škola Luke Perkovića Brinje;Ivana;Rajković
"17-126-516";"0-0";Industrijska škola;Ivana;Vojnović
"03-076-505";"0-0";Strukovna škola Sisak;Ivica;Beloglavec
"21-114-129";"0-0";Osnovna glazbena škola Rudolfa Matza;Ivica;Ivanović
"21-114-542";"0-0";Agronomska škola Zagreb;Ivica;Marinić
"09-026-001";"0-0";Osnovna škola dr. Jure Turića;Ivica;Radošević
"21-114-110";"0-0";Osnovna škola Sesvetski Kraljevec;Ivica;Vlašić
"03-043-004";"0-0";Osnovna škola Stjepana Kefelje;Ivica;Petrović
"05-242-001";"0-0";Osnovna škola Ljubešćica;Ivica;Rojc
"17-126-522";"0-0";Turističko-ugostiteljska škola, Split;Ivo;Bilić
"08-071-026";"0-0";Centar za odgoj i obrazovanje;Ivone;Šabarić Rubeša
"21-114-042";"0-0";Osnovna škola Frana Krste Frankopana;Jadranka;Bjelica
"13-358-001";"0-0";Osnovna škola Starigrad;Jadranka;Marasović
"14-385-001";"0-0";Osnovna škola Popovac;Jadranka;Sabljak
"13-107-005";"0-0";Osnovna škola Šime Budinića - Zadar;Jagoda;Galić
"21-114-017";"0-0";Osnovna škola Retkovec;Jako;Šuker
"17-460-001";"0-0";Osnovna škola don Mihovila Pavlinovića;Jakov;Batinović
"18-007-001";"0-0";Osnovna škola "Vazmoslav Gržalja";Jadranka;Bartolić Muzica
"14-060-003";"0-0";Osnovna škola Franje Krežme;Jadranka;Jurić
"21-114-549";"0-0";Drvodjeljska škola Zagreb;Jadranka;Pejčić
"03-202-001";"0-0";Osnovna škola Vladimir Nazor Topusko;Jana;Markulin
"08-071-506";"0-0";Prva riječka hrvatska gimnazija ;Jane;Sclaunich
"14-060-012";"0-0";Osnovna škola Tin Ujević;Jasenka;Vajdić
"21-114-049";"0-0";Osnovna škola Ante Kovačića;Jadranka;Salopek
"17-124-004";"0-0";Osnovna škola Bijaći;Jadranka;Šošić
"05-086-004";"0-0";IV. osnovna škola Varaždin;Jasmina;Dvorski
"16-438-002";"0-0";Osnovna škola Markušica;Jasmina;Maksić
"09-061-001";"0-0";Osnovna škola Zrinskih i Frankopana;Jasminka;Devčić
"14-050-001";"0-0";Osnovna škola Dore Pejačević Našice;Jasminka;Falamić
"17-470-001";"0-0";Osnovna škola Petra Hektorovića Stari Grad;Jasminka;Pakušić
"08-071-032";"0-0";Katolička osnovna škola Josip Pavlišić;Jasna;Buketa
"12-343-001";"0-0";Osnovna škola Matija Antun Relković;Jasna;Butumović
"05-086-003";"0-0";III. osnovna škola Varaždin;Jasenka;Martinčević
"04-034-013";"0-0";Osnovna škola "Braća Seljan";Jasmina;Budinski
"13-107-002";"0-0";Osnovna škola Krune Krstića - Zadar;Jasmina;Matešić
"17-057-005";"0-0";Osnovna glazbena škola Lovro pl. Matačić Omiš;Jasminko;Šetka
"13-107-515";"0-0";Poljoprivredna, prehrambena i veterinarska škola Stanka Ožanića;Jelena;Gulan
"15-081-507";"0-0";Tehnička škola;Josip;Belamarić
"01-032-501";"0-0";Srednja škola Ivan Švear Ivanić-Grad  ;Josipa;Ilić
"16-096-004";"0-0";Osnovna škola Nikole Andrića;Josipa;Kotromanović Sauka
"12-078-507";"0-0";Srednja medicinska škola;Jelena;Jelinić-Bošnjak
"17-126-510";"0-0";Nadbiskupijska klasična gimnazija Don Frane Bulić - s pravom javnosti;Don Josip;Dukić
"21-114-089";"0-0";Osnovna škola Trnsko;Josip;Petrović
"19-049-502";"0-0";Gimnazija Metković;Jozo;Jurković
"05-086-001";"0-0";I. osnovna škola Varaždin;Karmen;Hans - Jalšovec
"21-114-037";"0-0";Osnovna škola Dr. Ivan Merz;Jurica;Šperanda
"19-507-001";"0-0";Osnovna škola Cavtat;Kate;Kukuljica
"17-083-502";"0-0";Srednja strukovna škola Blaž Jurjev Trogiranin;Karmen;Sinanović
"14-401-001";"0-0";Osnovna škola Josipa Jurja Strossmayera;Katica;Vračević
"03-076-503";"0-0";Srednja škola Viktorovac;Koraljka;Porić
"18-068-501";"0-0";Srednja škola Mate Balote;Krešimir;Bronić
"02-170-001";"0-0";Osnovna škola Đurmanec;Krešimir;Kralj
"21-114-074";"0-0";Osnovna škola Jure Kaštelana;Krešimir;Supanc
"06-037-002";"0-0";Osnovna škola "Braća Radić";Krešo;Grgac
"19-018-505";"0-0";Gimnazija Dubrovnik;Katarina;Tolja
"16-433-002";"0-0";Osnovna škola Vladimir Nazor;Katica;Novoselac
"21-114-109";"0-0";Osnovna škola Sesvete;Katica;Sesjak
"14-387-002";"0-0";Osnovna škola Zmajevac;Kinga;Kolar
"11-077-002";"0-0";Osnovna škola Julija Kempfa;Kornelija;Sabljak
"17-455-001";"0-0";Osnovna škola Ivan Leko;Krešimir;Bajić
"08-009-501";"0-0";Srednja škola Vladimir Nazor;Kristijan;Rajšel
"10-311-001";"0-0";Osnovna škola Vladimira Nazora;Lareta;Žubrinić
"07-011-001";"0-0";Osnovna škola Čazma;Lidija;Osman
"01-109-002";"0-0";Osnovna škola Ksavera Šandora Đalskog;Lidija;Smrndić
"05-231-001";"0-0";Osnovna škola Sračinec;Lidija;Valec
"17-448-001";"0-0";Osnovna škola kneza Branimira;Lidija;Zekan
"06-251-001";"0-0";Osnovna škola "Prof. Blaž Mađer", Novigrad Podravski     ";Lidija;Peroš
"21-114-006";"0-0";Osnovna škola Izidora Kršnjavoga;Lidija;Sosa Šimenc
"08-058-503";"0-0";Obrtnička škola;Loredana;Grdinić
"19-038-501";"0-0";Srednja škola Petra Šegedina;Lovre;Botica
"18-499-002";"0-0";Osnovna škola Juršići;Luciana;Butković
"12-078-504";"0-0";Industrijsko-obrtnička škola;Luka;Mladinović
"21-114-098";"0-0";Glazbena škola Zlatka Grgoševića;Ljerka;Pašalić
"13-356-001";"0-0";Osnovna škola Braća Ribar                                     ;Luzarko;Novaković
"14-050-002";"0-0";Osnovna škola Ivana Brnjika Slovaka;Ljerka;Ćorković
"16-430-001";"0-0";Osnovna škola Antun Gustav Matoš Tovarnik;Ljiljana;Bandić
"21-114-137";"0-0";Osnovna škola Sesvetska Sopnica;Ljiljana;Benčec Miklečić
"01-166-001";"0-0";Osnovna škola Jakovlje;Ljiljana;Klepac
"12-051-501";"0-0";Gimnazija Nova Gradiška;Ljiljana;Ptačnik
"21-114-546";"0-0";Nadbiskupska klasična gimnazija s pravom javnosti;Ljuba;Duvnjak
"21-114-522";"0-0";Škola za primalje;Maja;Feil Ostojić
"21-114-004";"0-0";Osnovna škola Šestine;Ljubomir;Špiljar
"21-114-511";"0-0";XI. gimnazija;Maja;Sečić-Kopinč
"14-060-513";"0-0";Obrtnička škola Osijek;Maja;Zorić
"21-114-055";"0-0";Osnovna škola Gornje Vrapče;Maja;Zrilić
"21-114-059";"0-0";Osnovna škola kralja Tomislava;Maja;Car
"01-020-004";"0-0";Osnovna škola Josipa Zorića;Mara;Mamuza
"17-075-503";"0-0";Tehnička i industrijska škola Ruđera Boškovića u Sinju;Marica;Barać
"04-211-001";"0-0";Osnovna škola Draganići;Marica;Jurčić
"13-063-501";"0-0";Srednja škola Bartula Kašića;Marija;Pećirko
"07-267-001";"0-0";Osnovna škola Sirač;Marija;Pavičić
"17-124-501";"0-0";Srednja škola "Braća Radić"      ";Marija;Kezele
"11-077-003";"0-0";Osnovna škola Antuna Kanižlića;Marija;Samardžija
"14-405-002";"0-0";Osnovna škola Mate Lovraka;Marija;Poje
"12-329-001";"0-0";Osnovna škola Antun Matija Reljković;Marija;Rosandić
"07-012-002";"0-0";Češka osnovna škola Jana Amosa Komenskog - Česká základní škola Jana Amose Komenského;Marija;Valek
"02-189-001";"0-0";Osnovna škola Ante Kovačića;Marijan;Posarić
"21-114-020";"0-0";Osnovna škola Granešina;Marijan;Vulić
"18-504-002";"0-0";Osnovna škola Fažana;Marijana;Starčić
"15-081-502";"0-0";Prometno-tehnička škola Šibenik;Marijan;Bilić
"19-018-506";"0-0";Medicinska škola Dubrovnik;Marijana;Kulić
"17-452-001";"0-0";Osnovna škola Tin Ujević;Marijo;Karin
"13-354-001";"0-0";Osnovna škola Vladimira Nazora - Škabrnje;Marin;Pavičić
"16-433-001";"0-0";Osnovna škola Josipa Lovretića;Marina;Beuk
"14-050-004";"0-0";Osnovna glazbena škola Kontesa Dora            ;Marina;Kopri
"14-022-007";"0-0";Osnovna škola Satnica Đakovačka;Mario;Plavčić
"05-086-007";"0-0";Centar za odgoj i obrazovanje Tomislav Špoljar;Marin;Vučić
"17-448-003";"0-0";Osnovna škola braće Radića                ;Marin;Vuletin
"16-088-005";"0-0";Osnovna škola Ivana Mažuranića;Marina;Markić
"17-126-005";"0-0";Osnovna škola Manuš-Split  ;Marita;Guć
"13-107-516";"0-0";Škola primijenjene umjetnosti i dizajna;Marjana;Bakmaz
"14-001-502";"0-0";Prva srednja škola Beli Manastir;Marko;Ilijašev
"17-030-001";"0-0";Osnovna škola Stjepan Radić;Marko;Mendeš
"01-087-010";"0-0";Osnovna škola Šćitarjevo;Mario;Ivić
"14-389-001";"0-0";Osnovna škola Draž;Mato;Barišić
"03-039-001";"0-0";Osnovna škola Davorina Trstenjaka;Medina;Omerović Pužar
"13-107-001";"0-0";Osnovna škola Stanovi;Markica;Perić
"14-411-001";"0-0";Osnovna škola Dalj;Marko;Stanić
"01-073-005";"0-0";Osnovna škola Nova škola;Martina;Čretni
"02-035-001";"0-0";Osnovna škola Antuna Mihanovića;Melita;Ulama
"05-236-003";"0-0";Osnovna škola Izidora Poljaka, Višnjica;Martina;Vusić
"17-126-013";"0-0";Osnovna škola Plokite;Mate;Vuković
"16-088-501";"0-0";Tehnička škola Ruđera Boškovića Vinkovci;Mate;Vukušić
"12-078-506";"0-0";Ekonomsko-birotehnička škola;Mato;Čaklovac
"18-044-005";"0-0";Umjetnička škola Matka Brajše Rašana;Melita;Lasek Satterwhite
"08-071-502";"0-0";Srednja talijanska škola - Rijeka Scuola media superiore Italiana - Fiume  ;Michele;Scalembra
"01-108-004";"0-0";Osnovna škola Kupljenovo;Mihaela;Dolinar
"01-073-001";"0-0";Osnovna škola Bogumila Tonija;Milena;Kolarec
"17-469-001";"0-0";Osnovna škola Milna;Milka;Restović
"15-036-503";"0-0";Srednja strukovna škola kralja Zvonimira ;Milivoj;Ilić
"14-001-003";"0-0";Umjetnička škola Beli Manastir;Miloš;Grubić
"17-126-016";"0-0";Osnovna škola Ravne njive - Neslanovac Split;Miljenko;Bitanga
"18-485-001";"0-0";Osnovna škola Ivan Goran Kovačić Čepić;Mirela;Vidak
"21-114-592";"0-0";Glazbeno učilište Elly Bašić;Mirela;Buchberger Karlo
"17-450-001";"0-0";Osnovna škola Grohote;Mirela;Mijić
"16-096-006";"0-0";Osnovna škola Josipa Matoša;Mirela;Posarić
"17-126-002";"0-0";Osnovna škola Dobri;Mirjana;Dodig
"05-236-002";"0-0";Osnovna škola Ivana Rangera, Kamenica;Mirjana;Posavec
"21-114-051";"0-0";Osnovna škola Dragutina Tadijanovića;Mirjana;Sajko
"04-091-001";"0-0";Osnovna škola Vojnić;Mirjana;Stojković
"21-114-054";"0-0";Osnovna škola Tituša Brezovačkog;Mirjana;Torer
"21-114-015";"0-0";Osnovna škola Petra Zrinskog;Mirjana;Jermol
"01-073-501";"0-0";Ekonomska, trgovačka i ugostiteljska škola;Mirjana;Kroflin
"19-508-001";"0-0";Osnovna škola Ston;Mirko;Mamić
"12-338-001";"0-0";Osnovna škola Ivan Meštrović;Miroslav;Zmaić
"08-013-001";"0-0";Osnovna škola Ivana Gorana Kovačića;Mladen;Bolf
"21-114-091";"0-0";Osnovna škola Mladost;Mladen;Konjević
"01-094-501";"0-0";Srednja škola Vrbovec;Mirjana;Pušić
"13-351-001";"0-0";Osnovna škola Stjepana Radića - Bibinje;Mirka;Sikirić
"17-030-003";"0-0";Osnovna škola "Josip Vergilij Perić";Monika;Pavlović Grabovac
"17-448-002";"0-0";Osnovna škola Neorić - Sutina;Nada;Dundović
"16-426-001";"0-0";Osnovna škola Julija Benešića;Miroslav;Bošnjak
"17-471-001";"0-0";Osnovna škola Dr. fra Karlo Balić;Nada;Utrobičić
"21-114-132";"0-0";Osnovna škola Brestje;Miše;Kutleša
"20-528-001";"0-0";Osnovna škola Ivana Gorana Kovačića Sveti Juraj na Bregu;Mladen;Beuk
"18-069-006";"0-0";Osnovna škola Kaštanjer Pula;Nada;Crnković
"05-244-001";"0-0";Osnovna škola Visoko;Nada;Horvat
"02-183-501";"0-0";Srednja škola Oroslavje;Natalija;Mučnjak
"17-126-024";"0-0";Osnovna škola Visoka;Natalija;Radić
"05-227-002";"0-0";Osnovna škola Beletinec;Nataša;Fadiga
"20-010-003";"0-0";III. osnovna škola Čakovec;Nataša;Hajdinjak
"17-029-001";"0-0";Osnovna škola Hvar;Nada;Jeličić
"07-004-504";"0-0";Komercijalna i trgovačka škola Bjelovar;Nataša;Vibiral
"08-071-003";"0-0";Osnovna škola Centar;Nedjeljka;Debelić
"04-034-504";"0-0";Prirodoslovna škola Karlovac;Nenad;Klasan
"18-491-001";"0-0";Osnovna škola Marčana;Nensi;Kaluđerović
"19-509-001";"0-0";Osnovna škola Orebić;Nenad;Menkadžiev
"21-114-553";"0-0";Industrijska strojarska škola;Nenad;Pavlinić
"07-004-511";"0-0";Glazbena škola Vatroslava Lisinskog Bjelovar;Nevenka;Presečan Arvay
"17-467-001";"0-0";Osnovna škola Petra Kružića Klis;Neven;Tešija
"21-114-591";"0-0";Glazbena škola Pavla Markovca;Niko;Marušić
"21-114-515";"0-0";XV. gimnazija;Nikola;Dmitrović
"05-222-001";"0-0";Osnovna škola Cestica;Nevenka;Turščak
"07-004-004";"0-0";IV. osnovna škola Bjelovar;Nikola;Margetić
"08-292-001";"0-0";Osnovna škola Maria Martinolića;Olivela;Franko
"21-114-021";"0-0";Osnovna škola Ivana Mažuranića;Nikola;Šandrk
"17-075-003";"0-0";Osnovna škola fra Pavla Vučkovića;Nikola;Vučković
"18-069-501";"0-0";Škola za turizam, ugostiteljstvo i trgovinu;Orhideja;Petković
"12-337-002";"0-0";Osnovna škola Ljudevit Gaj;Petar;Delić
"11-321-001";"0-0";Osnovna škola Vilima Korajca;Nino;Diklić
"17-126-012";"0-0";Osnovna škola Blatine - Škrape;Nives;Ruščić
"21-114-046";"0-0";Osnovna škola Dragutina Kušlana;Petra;Štingl Raić
"18-502-001";"0-0";Osnovna škola Jože Šurana Višnjan;Predrag;Brkić
"05-229-001";"0-0";Osnovna škola Trnovec;Radmila;Sačić
"21-114-506";"0-0";Gornjogradska gimnazija;Radovan;Librić
"02-168-001";"0-0";Osnovna škola Vladimir Nazor Budinščina;Renata;Kreber-Mikšaj
"03-076-006";"0-0";Osnovna škola Galdovo;Petar;Zelić
"20-529-001";"0-0";Osnovna škola Sveti Martin na Muri;Petra;Novinščak
"19-018-005";"0-0";Osnovna škola Antuna Masle - Orašac;Roberta;Soko
"14-411-501";"0-0";Srednja škola Dalj;Rajko;Lukić
"05-236-001";"0-0";Osnovna škola Ante Starčevića;Ratko;Tomić
"15-081-511";"0-0";Glazbena škola Ivana Lukačića;Ruža;Raguž Cukrov
"20-010-505";"0-0";Gospodarska škola;Renato;Vinko
"12-342-001";"0-0";Osnovna škola Matija Gubec Cernik;Reza;Benković
"07-012-502";"0-0";Gimnazija Daruvar;Romana;Herout
"18-491-002";"0-0";Osnovna škola Vladimira Nazora - Krnica;Romana;Percan
"09-074-001";"0-0";Osnovna škola Silvija Strahimira Kranjčevića Senj;Rosanda;Bilović
"16-096-504";"0-0";Srednja strukovna škola Marko Babić;Rudolf;Tomić
"21-114-088";"0-0";Osnovna škola Zapruđe;Ružica;Vitman Sović
"02-178-001";"0-0";Osnovna škola Krapinske Toplice;Samson;Štibohar
"18-069-508";"0-0";Tehnička škola Pula;Sandra;Balde
"14-060-514";"0-0";Trgovačka i komercijalna škola Davor Milas;Sandra;Brajnović
"08-279-001";"0-0";Osnovna škola "Milan Brozović";Sandra;Krpan
"20-527-002";"0-0";Osnovna škola Donji Kraljevec;Sandra;Vlahek
"17-126-006";"0-0";Osnovna škola Spinut;Sanja;Čagalj
"14-060-506";"0-0";Medicinska škola Osijek;Sanja;Dravinski
"05-232-001";"0-0";Osnovna škola Franje Serta Bednja;Sanja;Majcen
"14-402-001";"0-0";Osnovna škola Josipa Kozarca;Ružica;Primorac
"15-415-001";"0-0";Osnovna škola Vjekoslava Kaleba;Sanda;Crvelin
"20-010-501";"0-0";Gimnazija Josipa Slavenskog Čakovec;Sandra;Breka-Ovčar
"18-068-005";"0-0";Umjetnička škola Poreč;Sanjica Sara;Radetić
"01-033-001";"0-0";Osnovna škola Ljubo Babić;Sanja;Sertić
"17-126-014";"0-0";Osnovna škola Kman - Kocunar;Sanja;Sinovčić
"13-107-502";"0-0";Gimnazija Vladimira Nazora;Sandra;Šango
"04-019-002";"0-0";Osnovna škola "Ivan Goran Kovačić";Sanja;Ferkula
"20-010-008";"0-0";Umjetnička škola Miroslav Magdalenić Čakovec;Senka;Bašek-Šamec
"07-012-501";"0-0";Tehnička škola Daruvar;Sanja;Klubička
"08-071-011";"0-0";Osnovna škola "Kantrida";Sanja;Kvaternik Hren
"17-126-521";"0-0";Zdravstvena škola;Sanja;Perić
"02-183-001";"0-0";Osnovna škola Oroslavje;Sanja;Šakoronja
"18-501-001";"0-0";Osnovna škola Marije i Line, Scuola elementare "Marija i Lina"           ";Sanja;Zakinja
"19-018-001";"0-0";Osnovna škola Marina Getaldića;Silvana;Bjelovučić
"17-029-501";"0-0";Srednja škola Hvar;Saša;Paduan
"08-071-513";"0-0";Tehnička škola, Rijeka;Serđo;Jadrić
"08-042-001";"0-0";Osnovna škola Fran Krsto Frankopan Krk;Serđo;Samblić
"07-024-001";"0-0";Osnovna škola Garešnica;Slaven;Marenić
"21-114-003";"0-0";Osnovna škola Miroslava Krleže;Silvana;Galinović
"20-010-001";"0-0";I. osnovna škola Čakovec;Siniša;Stričak
"12-078-005";"0-0";Osnovna škola Bogoslav Šulek;Slavica;Đurđević
"02-175-001";"0-0";Osnovna škola Lijepa naša;Snježana;Romić
"07-028-001";"0-0";Osnovna škola Ivana Nepomuka Jemeršića;Snježana;Šeliš
"16-111-501";"0-0";Obrtničko-industrijska škola, Županja;Slavko;Šokičić
"04-034-501";"0-0";Gimnazija Karlovac;Snježana;Štranjgar
"03-043-003";"0-0";Osnovna škola Vladimira Vidrića;Snježana;Coha
"15-081-001";"0-0";Osnovna škola Fausta Vrančića;Snježana;Ćaleta
"05-086-507";"0-0";Strojarska i prometna škola;Snježana;Klarić
"20-533-001";"0-0";Osnovna škola Jože Horvata Kotoriba;Snježana;Matoš
"04-034-513";"0-0";Glazbena škola Karlovac;Snježana;Mrljak
"06-250-001";"0-0";Osnovna škola Mihovil Pavlek Miškina Đelekovec;Sonja;Vuljak
"13-107-003";"0-0";Osnovna škola Petra Preradovića;Stanka;Martinac Pera
"12-078-002";"0-0";Osnovna škola Antun Mihanović;Snježana;Vinarić
"21-114-560";"0-0";Športska gimnazija;Stipe;Perišić
"06-255-001";"0-0";Osnovna škola Sveti Petar Orehovec;Stjepan;Lučki
"05-237-001";"0-0";Osnovna škola Martijanec;Sonja;Huzjak
"21-114-504";"0-0";IV. gimnazija;Sonja;Kamčev Bačani
"14-060-520";"0-0";Glazbena škola Franje Kuhača Osijek;Sunčana;Bašić
"21-114-026";"0-0";Osnovna škola Antuna Branka Šimića;Stanka;Pupić
"08-013-003";"0-0";Osnovna glazbena škola Ive Tijardovića Delnice;Suzana;Valković Brašnić
"14-085-501";"0-0";Srednja škola Valpovo;Svjetlana;Kalpić
"01-087-004";"0-0";Osnovna škola Nikole Hribara;Stjepan;Maravić
"07-024-003";"0-0";Osnovna škola Trnovitički Popovac;Stjepan;Popić
"07-269-001";"0-0";Osnovna škola Ivanska;Sunčica;Đuričić-Kocijan
"18-069-004";"0-0";Osnovna škola -  Scuola elementare Giuseppina Martinuzzi Pula-Pola;Susanna;Cerlon
"17-445-501";"0-0";Klesarska škola Pučišća;Tamara;Plastić
"03-206-001";"0-0";Osnovna škola Ivo Kozarčanin;Suzana;Vogrinc
"05-053-002";"0-0";Osnovna škola "Podrute";Štefek;Vincek
"18-068-502";"0-0";Turističko-ugostiteljska škola Antona Štifanića Poreč;Tatjana;Gulić Pisarević
"17-057-501";"0-0";Srednja škola Jure Kaštelan;Tereza;Srdelić
"11-327-002";"0-0";Osnovna škola Grigora Viteza Poljana;Tibor;Nagy
"08-276-001";"0-0";Osnovna škola Čavle;Tanja;Stanković
"04-019-501";"0-0";Srednja škola Duga Resa;Tanja;Škrak
"12-348-001";"0-0";Osnovna škola Ante Starčevića;Tihomir;Batalo
"13-107-513";"0-0";Strukovna škola Vice Vlatkovića;Tihomir;Tomčić
"02-097-001";"0-0";Osnovna škola Ksavera Šandora Gjalskog;Tomislav;Polanović
"04-079-001";"0-0";Osnovna škola Slunj;Tome;Cvitković
"19-511-001";"0-0";Osnovna škola Blato;Tonći;Padovan
"06-041-504";"0-0";Srednja gospodarska škola Križevci;Toni;Svoboda
"21-114-541";"0-0";Škola za cestovni promet;Tomislav;Ćurković
"14-412-001";"0-0";Osnovna škola Antunovac;Tomislav;Duk
"06-257-001";"0-0";Osnovna škola "Grigor Vitez";Tomislav;Hanžeković
"05-233-001";"0-0";Osnovna škola Gustav Krklec Maruševec;Tomislav;Vincek
"17-093-001";"0-0";Osnovna škola Vrgorac;Tonći;Tolić
"05-226-001";"0-0";Osnovna škola Petrijanec;Valerija;Paljak
"07-012-504";"0-0";Glazbena škola Brune Bjelinskog Daruvar;Vanda;Cegledi
"21-114-093";"0-0";Osnovna škola Odra;Vatroslav;Gabrić
"01-087-504";"0-0";Zrakoplovna tehnička škola Rudolfa Perešina;Vedran;Šarac
"03-043-002";"0-0";Osnovna škola Mate Lovraka;Vedrana;Banda
"03-066-004";"0-0";Osnovna škola Ivan Goran Kovačić;Valentina;Vujnović
"19-038-001";"0-0";Osnovna škola Petra Kanavelića;Velebit;Veršić
"07-273-001";"0-0";Osnovna škola Slavka Kolara;Vera;Obrovac
"14-016-001";"0-0";Osnovna škola August Harambašić;Vedran;Aladić
"17-125-004";"0-0";Osnovna škola kralja Zvonimira;Vedrana;Propadalo
"17-126-512";"0-0";Komercijalno-trgovačka škola Split;Velimir;Ćurčija
"02-167-501";"0-0";Srednja škola Bedekovčina;Vera;Hrvoj
"13-360-002";"0-0";Osnovna škola Privlaka;Verica;Škibola
"21-114-631";"0-0";Gimnazija Marul;Veronika;Javor
"17-126-525";"0-0";Glazbena škola Josipa Hatzea;Vesna;Alebić
"05-241-001";"0-0";Osnovna škola Breznički Hum;Vesna;Ivančan
"17-125-003";"0-0";Osnovna škola kraljice Jelene;Vesna;Ružić
"01-087-501";"0-0";Ekonomska škola Velika Gorica;Vesna;Brkljačić
"21-114-568";"0-0";Ženska opća gimnazija Družbe sestara milosrdnica - s pravom javnosti;Vesna;Dinjar, S. Danijela
"01-151-001";"0-0";Osnovna škola Ivana Perkovca;Vesna;Javor
"21-114-024";"0-0";Osnovna škola Čučerje;Vesna;Orešković
"07-270-001";"0-0";Osnovna škola Štefanje;Vesna;Pavlinec-Kolarić
"03-076-004";"0-0";Osnovna škola Braća Ribar                                     ;Vesna;Šebek
"14-060-008";"0-0";Osnovna škola Vijenac;Vesna;Vrbošić
"16-439-001";"0-0";Osnovna škola Trpinja;Vesna;Vujić
"21-114-162";"0-0";Osnovna škola Središće;Violeta;Vragotuk
"05-086-509";"0-0";Graditeljska, prirodoslovna i rudarska škola;Vesna;Vrček
"21-114-521";"0-0";Škola za medicinske sestre Vinogradska;Višnja;Pranjić
"03-076-005";"0-0";Osnovna škola Viktorovac;Višnja;Tadić
"12-078-505";"0-0";Tehnička škola;Vikica;Lukić
"08-295-002";"0-0";Osnovna škola Jurja Klovića Tribalj;Vilma Renate;Car Katnić
"17-126-017";"0-0";Osnovna škola Sućidar;Vlade;Dragun
"20-608-001";"0-0";Osnovna škola Petar Zrinski Šenkovec;Vladimir;Novak
"14-060-510";"0-0";Tehnička škola i prirodoslovna gimnazija Ruđera Boškovića;Vlasta;Opačak
"14-050-003";"0-0";Osnovna škola kralja Tomislava;Vlatka;Zahirović
"04-217-001";"0-0";Osnovna škola Plaški;Vlatko;Kulić
"17-126-001";"0-0";Osnovna škola Marjan;Zdenka;Barović
"01-073-504";"0-0";Glazbena škola Ferdo Livadić;Zdenka;Merčep
"06-037-501";"0-0";"Gimnazija " Fran Galović" Koprivnica";Vjekoslav;Robotić
"01-163-001";"0-0";Osnovna škola Gradec;Vlado;Starešec
"14-060-016";"0-0";Osnovna škola Josipovac;Vlatka;Mihaljević
"04-034-010";"0-0";Centar za odgoj i obrazovanje djece i mladeži;Volodymyr;Kubinskyy
"07-565-001";"0-0";Osnovna škola Trnovitica;Zdravko;Ređep
"02-189-501";"0-0";Srednja škola Zlatar;Zdenka;Rogina
"18-065-001";"0-0";Osnovna škola Vladimira Nazora Pazin;Zdenka;Turkalj-Čohilj
"02-167-002";"0-0";Osnovna škola Stjepana Radića Brestovec Orehovički;Zdenko;Kobeščak
"12-078-001";"0-0";Osnovna škola Ivan Goran Kovačić;Zlatko;Bagarić
"05-086-502";"0-0";Druga gimnazija Varaždin;Zdravka;Grđan
"14-384-001";"0-0";Osnovna škola "Matija Gubec" ";Zdravko;Pavlinić
"14-022-502";"0-0";Gimnazija A.G.Matoša;Zlatko;Mrkić
"21-114-540";"0-0";Poštanska i telekomunikacijska škola;Zlatko;Sviben
"11-077-504";"0-0";Tehnička škola;Zoran;Galić
"07-268-001";"0-0";Osnovna škola u Đulovcu;Zlatica;Kovačić
"01-199-001";"0-0";Osnovna škola Milke Trnine;Zlatko;Hasan
"10-059-501";"0-0";Srednja škola "Stjepan Ivšić";Zorislav;Milković
"17-451-001";"0-0";Osnovna škola Dinka Šimunovića;Zorka;Buljac
"04-210-001";"0-0";Osnovna škola Cetingrad;Zorka;Cindrić
"17-124-002";"0-0";Osnovna škola kneza Trpimira;Zoran;Blažević
"21-114-001";"0-0";Osnovna škola Ivana Gundulića;Zoran;Čorkalo
"12-349-001";"0-0";Osnovna škola Ivana Gorana Kovačića;Zrinka;Dejanović
"09-302-003";"0-0";Osnovna škola Anž Frankopan Kosinj;Zrinka;Vukelić
"03-195-002";"0-0";Osnovna škola Zorke Sever;Zvjezdana;Martinec
"15-081-002";"0-0";Osnovna škola Petra Krešimira IV.;Žana;Lasinović Klarić
"08-043-001";"0-0";Osnovna škola Omišalj;Žarko;Žarković
"03-076-001";"0-0";Osnovna škola Ivana Kukuljevića Sisak;Željka;Birač
"21-114-510";"0-0";X. gimnazija Ivan Supek;Željka;Frković
"12-339-001";"0-0";Osnovna škola Ivan Filipović;Željko;Flidr
"21-114-114";"0-0";Centar za odgoj i obrazovanje Goljak;Željko;Kranjec
"08-071-025";"0-0";Osnovna škola Pehlin;Željko;Šimunić
"17-047-503";"0-0";Glazbena škola Makarska;Željko;Vlaho
"17-449-001";"0-0";Osnovna škola Jesenice;Živko;Dropuljić
"21-114-025";"0-0";Osnovna škola Vjenceslava Novaka;Žarko;Ćorić
"03-202-501";"0-0";Srednja škola Topusko;Željka;Gajdek
"05-239-001";"0-0";Osnovna škola Veliki Bukovec;Željka;Marković-Bilić
"21-114-160";"0-0";Osnovna škola Ivanja Reka;Željko;Burcar
"14-050-501";"0-0";Srednja škola Isidora Kršnjavoga Našice;Željko;Filjak
"21-114-023";"0-0";Osnovna škola Marije Jurić Zagorke;Željko;Kelava
"20-504-001";"0-0";Osnovna škola dr. Vinka Žganca Vratišinec;Željko;Maček
"15-081-009";"0-0";Osnovna škola Brodarica;Maja;Morić
"20-532-001";"0-0";Osnovna škola Domašinec;Martina;Kivač
"12-331-001";"0-0";Osnovna škola Viktor Car Emin;Mirta;Degmečić
"05-031-503";"0-0";Centar za odgoj i obrazovanje pri Odgojnom domu Ivanec;Elvis;Gotal
"21-114-598";"0-0";"Srpska pravoslavna opća gimnazija Kantakuzina-Katarina Branković ustanova "s pravom javnosti";Slobodan;Lalić
"07-004-002";"0-0";II. osnovna škola Bjelovar;Ines;Kapša
"18-006-002";"0-0";"Talijanska osnovna škola Scuola elementare italiana "Edmondo de Amicis" Buje Buie       ";Katia;Šterle
"18-496-001";"0-0";Osnovna škola - Scuola elementare Milana Šorga Oprtalj - Portole;Ljubica;Puškar
"16-088-507";"0-0";Srednja strukovna škola Vinkovci;Domagoj;Bujadinović
"20-010-004";"0-0";Osnovna škola Vladimira Nazora;Bruno;Matotek
"11-319-001";"0-0";Osnovna škola Stjepana Radića Čaglin;Slađana;Švajda
"14-387-001";"0-0";Osnovna škola Kneževi Vinogradi;Ivica;Prgomet
"01-087-006";"0-0";Osnovna škola Velika Mlaka;Zrinka;Šućur
"17-126-032";"0-0";Osnovna škola Žnjan-Pazdigrad;Željko;Jurin
"08-008-003";"0-0";Osnovna škola Zvonka Cara;Desiree;Pečaver
"18-072-503";"0-0";Strukovna škola Eugena Kumičića Rovinj - Scuola di formazione professionale Eugen Kumičić Rovigno;Emil;Nimčević
"07-266-001";"0-0";Osnovna škola Dežanovac;Zoran;Činčak
"08-071-001";"0-0";Osnovna škola - Scuola elementare Belvedere;Denis;Stefan
"05-031-501";"0-0";Srednja škola Ivanec;Lidija;Kozina
"08-071-505";"0-0";Ekonomska škola Mije Mirkovića Rijeka;Nataša;Jokić Nastasić
"03-021-001";"0-0";Osnovna škola Dvor;Klara;Pereković
"07-262-001";"0-0";Osnovna škola Veliko Trojstvo;Sanja;Vranješević
"17-458-001";"0-0";Osnovna škola Ante Anđelinović;Tina;Mihaljević
"17-468-501";"0-0";Srednja škola Brač;Doris;Mazija
"05-086-005";"0-0";V. osnovna škola Varaždin;Mario;Šipek
"08-071-522";"0-0";Salezijanska klasična gimnazija - s pravom javnosti;Dragutin;Detić
"10-067-002";"0-0";Osnovna škola Josipa Kozarca;Ksenija;Vujanović-Juras
"10-089-004";"0-0";Centar za odgoj, obrazovanje i rehabilitaciju Virovitica;Margarita;Kovačević
"19-018-514";"0-0";Umjetnička škola Luke Sorkočevića Dubrovnik;Slobodan;Begić
"01-151-002";"0-0";Osnovna škola Ivane Brlić-Mažuranić;Goran;Hotko
"18-505-001";"0-0";Osnovna škola Vladimira Nazora;Debora;Cukola Zeneral
"10-317-501";"0-0";Srednja škola Stjepana Sulimanca;Josip;Ivoš
"14-060-006";"0-0";Osnovna škola Mladost;Josip;Jukić
"08-278-001";"0-0";Osnovna škola Jelenje - Dražice;Dejana;Paškvan-Žeželj
"01-087-007";"0-0";Osnovna škola Novo Čiče;Sanja;Povoljnjak
"15-414-001";"0-0";Osnovna škola Skradin;Diana;Gaši
"07-024-501";"0-0";Srednja škola "August Šenoa" Garešnica";Robert;Kelečić
"16-442-001";"0-0";Osnovna škola Mijat Stojanović;Đurđica;Babić
"01-087-001";"0-0";Osnovna škola Eugena Kvaternika;Monika;Brleković
"16-436-003";"0-0";Osnovna škola Slakovci;Zvonimir;Markota
"17-030-503";"0-0";Ekonomska škola;Željko;Đuzel
"08-071-022";"0-0";Osnovna škola Ivana Zajca;Josipa;Gračanin
"21-114-597";"0-0";Islamska gimnazija dr. Ahmeda Smajlovića;Mevludi;Arslani
"01-087-003";"0-0";Osnovna škola Vukovina;Damir;Bedić
"19-018-009";"0-0";Osnovna škola Mokošica, Dubrovnik;Petra;Đapić Caput
"17-126-028";"0-0";Osnovna škola Kamen - Šine;Bože;Ujević
"21-114-076";"0-0";Osnovna škola Tina Ujevića;Vlatka;Mihelić
"10-089-001";"0-0";Osnovna škola Ivane Brlić-Mažuranić Virovitica;Ivica;Tomljanović
"08-221-001";"0-0";Osnovna škola Kostrena;Adriana;Glavan
"03-204-001";"0-0";Osnovna škola Katarina Zrinska Mečenčani;Svjetlana;Tufeković
"05-087-501";"0-0";Srednja škola Ludbreg;Josip;Zdelar
"21-114-018";"0-0";Osnovna škola Žuti brijeg;Veljko;Kordić
"10-310-001";"0-0";Osnovna škola Davorin Trstenjak Čađavica;Ksenija;Žunec
"01-032-005";"0-0";Osnovna škola Posavski Bregi;Renata;Koić
"15-415-003";"0-0";Osnovna škola Pirovac;Marina;Erak
"13-107-518";"0-0";Ekonomsko-birotehnička i trgovačka škola;Zdenka;Sršen-Juričević
"16-421-003";"0-0";Osnovna škola Borovo;Tihomir;Jakovljević
"14-022-501";"0-0";Ekonomska škola Braća Radić           ;Željko;Bionda
"15-415-002";"0-0";Osnovna škola Murterski Škoji;Ivana;Finka
"15-081-509";"0-0";Srednja strukovna škola Šibenik;Dražen;Sekso
"07-028-501";"0-0";Srednja škola Bartola Kašića Grubišno Polje;Ivana;Orešković
"17-467-002";"0-0";Osnovna škola Dugopolje;Željko;Šparmajer
"17-444-001";"0-0";Osnovna škola Bol;Bartul;Bakulić
"14-326-001";"0-0";Osnovna škola Josipa Jurja Strossmayera;Martina;Pavlić
"01-073-505";"0-0";Centar za odgoj i obrazovanje Lug;Nataša;Grković Šola
"08-275-501";"0-0";Pomorska škola;Igor;Kegalj
"04-034-007";"0-0";Osnovna škola Turanj;Snježana;Žunac
"05-240-002";"0-0";Osnovna škola Svibovec;Melita;Mesarić
"09-026-504";"0-0";Gimnazija Gospić;Josip;Štampar
"21-114-147";"0-0";"Centar za odgoj i obrazovanje "Slava Raškaj" Zagreb  ";Jelena;Grabovac
"01-033-002";"0-0";Glazbena škola Jastrebarsko;Dragutin;Fabijanić
"21-114-600";"0-0";Gimnazija i ekonomska škola Benedikta Kotruljevića, s pravom javnosti;Nada;Morić
"21-114-524";"0-0";Veterinarska škola;Andrea;Djurdjević
"21-114-634";"0-0";Glazbena škola Ladislav Račić;Ladislav;Račić
"18-069-011";"0-0";Škola za odgoj i obrazovanje - Pula;Višnja;Popović
"14-060-005";"0-0";Osnovna škola Vladimira Becića Osijek;Marija;Orkić
"19-512-501";"0-0";Srednja poljoprivredna i tehnička škola;Danijela;Primorac
"16-432-002";"0-0";Osnovna škola Lipovac;Grgur;Jurković
"04-216-001";"0-0";Osnovna škola "Josipdol";Anđelina;Božičević
"13-003-001";"0-0";Osnovna škola Biograd;Jordanko;Miloš
"01-108-001";"0-0";Osnovna škola Antuna Augustinčića;Danijela;Adžijević
"16-111-004";"0-0";Osnovna škola Ivana Martinovića;Marija;Klarić Brdarić
"16-441-001";"0-0";Osnovna škola Ivane Brlić-Mažuranić Rokovci - Andrijaševci;Igor;Miličević
"16-427-001";"0-0";Osnovna škola August Cesarec;Željko;Puljić
"13-107-012";"0-0";Osnovna glazbena škola Sv. Benedikta;Igor;Cecić
"14-060-019";"0-0";Osnovna škola Retfala;Igor;Kopić
"13-027-001";"0-0";Osnovna škola Nikole Tesle;Slavica;Miočić
"14-060-023";"0-0";Osnovna škola Cvjetno;Ivana;Mihaljević
"05-086-008";"0-0";VII. osnovna škola Varaždin;Jurica;Hunjadi
"02-185-001";"0-0";Osnovna škola Side Košutić Radoboj;Dražen;Gerić
"07-271-001";"0-0";Osnovna škola Mate Lovraka;Marina;Balen
"02-189-002";"0-0";Osnovna škola Belec;Nikolina;Puklin
"01-087-011";"0-0";Centar za odgoj i obrazovanje Velika Gorica;Nikolina;Vučković-Barišić
"18-069-512";"0-0";Glazbena škola Ivana Matetića-Ronjgova Pula;Romana;Vuksan Zuban
"06-023-503";"0-0";Gimnazija dr. Ivana Kranjčeva Đurđevac;Tomislav;Ostojić
"06-038-001";"0-0";Osnovna škola Koprivnički Ivanec;Kristina;Furkes
"03-043-501";"0-0";Srednja škola Tina Ujevića;Saša;Sambolek
"17-126-020";"0-0";Osnovna škola Mejaši;Josipa;Banić
"15-017-004";"0-0";Osnovna glazbena škola Krsto Odak;Ines;Topić
"05-087-502";"0-0";Srednja škola Novi Marof;Nikola;Žganec
"21-114-544";"0-0";Škola za modu i dizajn;Maja;Dadić Žeravica
"18-069-002";"0-0";Osnovna škola Stoja;Zoran;Bjelopetrović
"08-071-528";"0-0";Srednja škola Andrije Ljudevita Adamića;Denis;Khermayer
"18-499-001";"0-0";Osnovna škola Svetvinčenat;Silvija;Jeromela Obrovac
"05-224-001";"0-0";Osnovna škola "Petar Zrinski" Jalžabet";Mirjana;Kučar
"17-126-023";"0-0";Osnovna škola Srinjine;Zrinka;Mužinić-Bikić
"02-174-001";"0-0";Osnovna škola Pavla Štoosa;Ivana;Kalamir Tomažin
"01-087-503";"0-0";Srednja strukovna škola Velika Gorica;Miroslav;Antolčić
"21-114-146";"0-0";Osnovna Montessori škola barunice Dedee Vranyczany              ;Narcisa;Buczynski
"11-077-510";"0-0";Katolička gimnazija s pravom javnosti ;Ivan;Bedeničić
"02-168-002";"0-0";Centar za odgoj i obrazovanje Zajezda;Denis;Sušac
"03-054-501";"0-0";Srednja škola Novska;Nikolina;Fijačko Filipović
"14-325-001";"0-0";Osnovna škola Vladimira Nazora;Marko;Knežević
"20-010-507";"0-0";Srednja škola Čakovec;Gordana;Ramušćak
"02-123-502";"0-0";Glazbena škola Pregrada;Petra;Tokić
"20-607-001";"0-0";Osnovna škola Sveta Marija;Gorana;Šavora Peter
"17-057-003";"0-0";Osnovna škola Gornja Poljica;Stipe;Božinović Mađor
"17-126-502";"0-0";Elektrotehnička škola - Split;Sanio;Bečić
"16-432-003";"0-0";Osnovna škola Ilača - Banovci;Marija;Dević
"16-423-001";"0-0";Osnovna škola Gradište;Mario;Dominković
"01-020-003";"0-0";Glazbena škola Dugo Selo;Dario;Cebić
"16-429-001";"0-0";Osnovna škola Lovas;Marko;Brajković
"19-513-001";"0-0";Osnovna škola Kula Norinska;Josip;Šprlje
"17-126-530";"0-0";Gimnazijski kolegij Kraljica Jelena s pravom javnosti                      ;Koraljka;Bezina
"04-034-506";"0-0";Šumarska i drvodjeljska škola Karlovac;Daniel;Peris
"17-075-001";"0-0";Osnovna škola Ivana Lovrića;Vranko;Perković
"17-047-501";"0-0";Srednja škola fra Andrije Kačića Miošića;Evelin;Bulić
"21-114-124";"0-0";Waldorfska škola u Zagrebu;Aleksandra;Belković
"19-512-001";"0-0";Osnovna škola Opuzen;Valentina;Peršin Čubranić
"08-299-001";"0-0";Osnovna škola Brod Moravice;Tajana;Jauk Mance
"01-032-001";"0-0";Osnovna škola Đure Deželića Ivanić-Grad                          ;Mileo;Todić
"14-060-509";"0-0";Graditeljsko-geodetska škola Osijek;Darko;Pšihistal
"14-016-002";"0-0";Osnovna škola Hrvatski sokol;Krešimir;Lagetar
"17-477-001";"0-0";Osnovna škola Zagvozd;Tonći;Vuksan
"21-114-044";"0-0";Osnovna škola Petra Preradovića;Denis;Žvorc
"16-438-001";"0-0";Osnovna škola Korog, Korog;Ema;Sesvećan
"19-589-001";"0-0";Osnovna škola Slano;Ante;Konjuh
"18-072-002";"0-0";Osnovna škola Vladimira Nazora - Scuola elementare "Vladimir Nazor";Bojan;Burić
"13-002-501";"0-0";Srednja škola Kneza Branimira, Benkovac;Maja;Brkljača
"19-589-002";"0-0";Osnovna škola Primorje;Zlatko;Volarević
"11-077-005";"0-0";Katolička osnovna škola u Požegi;Frano;Barišić
"04-221-001";"0-0";Osnovna škola Žakanje;Jasmina;Katunić
"18-072-001";"0-0";"Talijanska osnovna škola - Scuola elementare italiana "Bernardo Benussi" Rovinj - Rovigno";Tiziana;Zovich Stanić
"17-528-001";"0-0";Osnovna škola Zmijavci;Josip;Jonjić
"16-088-003";"0-0";Osnovna škola Ivana Gorana Kovačića;Mario;Lovrić
"18-484-001";"0-0";Osnovna škola Petra Studenca Kanfanar;Ivor;Kuček
"08-071-006";"0-0";Osnovna škola - Scuola elementare Dolac;Dunja;Kučan Nikolić
"12-078-501";"0-0";Srednja škola Matije Antuna Reljkovića Slavonski Brod;Marija;Tomić
"17-126-010";"0-0";Osnovna škola Meje;Majda;Asanović
"05-484-001";"0-0";Osnovna škola Tužno;Josip;Puček
"13-365-001";"0-0";Osnovna škola Vladimir Nazor;Ivan;Hrabrov
"19-601-001";"0-0";Osnovna škola Trpanj;Lovro;Dabelić
"14-060-014";"0-0";Osnovna škola Dobriša Cesarić;Marin;Božić
"17-126-004";"0-0";Osnovna škola Skalice;Leo;Botica
"17-382-001";"0-0";Osnovna škola kralja Zvonimira;Dominik;Matković
"21-114-571";"0-0";Humanistička gimnazija;Tonči;Maleš
"21-114-151";"0-0";Osnovna škola Kreativan razvoj s pravom javnosti;Martin-Tino;Časl
"21-114-535";"0-0";Prva ekonomska škola;Nenad;Travar
"18-490-001";"0-0";Osnovna škola Joakima Rakovca;Mladen;Majušević
"18-069-507";"0-0";Medicinska škola Pula;Ivan;Žagar
"21-114-121";"0-0";Umjetnička plesna škola Silvije Hercigonje;Ivana;Pinjušić Bužančić
"18-044-003";"0-0";Centar Liče Faraguna;Martina;Herceg
"16-096-008";"0-0";Osnovna škola Antuna Bauera;Zlatko;Milić
"17-047-502";"0-0";Srednja strukovna škola;Momir;Sumić
"16-088-006";"0-0";Osnovna škola Nikole Tesle;Alen;Turjak
"15-419-001";"0-0";Osnovna škola Jakova Gotovca;Živko;Bulat
"21-114-516";"0-0";XVI. gimnazija;Nina;Karković
"21-114-081";"0-0";Osnovna škola Savski Gaj;Matija;Bajić
"21-114-043";"0-0";Osnovna škola Lovre pl. Matačića;Tomislav;Milek
"21-114-045";"0-0";Osnovna škola dr. Vinka Žganca;Renata;Cindrić
"21-114-038";"0-0";Osnovna škola Silvija Strahimira Kranjčevića;Melita;Haluga
"21-114-531";"0-0";Graditeljska tehnička škola;Dinka;Džeko
"21-114-057";"0-0";Osnovna škola Augusta Šenoe;Ivana;Sauha
"21-114-073";"0-0";Osnovna škola Cvjetno naselje;Nataša;Batnožić
"21-114-133";"0-0";Osnovna škola Borovje;Branka;Štefok Bojadžija
"19-038-002";"0-0";Osnovna škola Ante Curać-Pinjac;Ivan;Fabris
"21-114-008";"0-0";Osnovna škola Josipa Jurja Strossmayera;Nenad;Oremuš
"21-114-072";"0-0";Osnovna škola Vrbani;Mislav;Batarelo
"21-114-039";"0-0";Osnovna škola Augusta Cesarca;Tina;Kirin
"21-114-014";"0-0";Osnovna škola Pavleka Miškine;Vesna;Vrbanović Jančić
"21-114-084";"0-0";Osnovna škola Lučko;Pavo;Šimović
"21-114-096";"0-0";Osnovna škola Frana Galovića;Maja;Lisska
"21-114-012";"0-0";Osnovna škola Ivana Cankara;Boris;Počuča
"21-114-153";"0-0";Centar za odgoj i obrazovanje Vinko Bek;Ivana;Rotim
"11-324-002";"0-0";Osnovna škola "Vladimir Nazor";Josip;Prološčić
"18-492-001";"0-0";Osnovna škola dr. Mate Demarina;Emanuela;Pinzan Chiavalon
"11-318-001";"0-0";Osnovna škola Dragutina Lermana;Marko;Buće
"02-179-001";"0-0";Osnovna škola Franje Horvata Kiša;Tamara;Herceg Babić
"06-037-503";"0-0";Srednja škola Koprivnica;Manuela;Gregurić
"02-553-001";"0-0";Osnovna škola Josipa Broza;Željka;Töpfer
"10-309-001";"0-0";Osnovna škola Gradina;Ivana;Kovač
"17-126-008";"0-0";Osnovna škola Lučac;Mario;Šarić
"18-006-001";"0-0";Osnovna škola - Scuola elementare Mate Balote Buje - Buie;Dražen;Hinek
"15-036-002";"0-0";Osnovna škola dr. Franje Tuđmana;Silvijo;Norac-Kljajo
"02-014-003";"0-0";Glazbena škola Bonar;Ružica;Gelo Ciglenečki
"14-060-022";"0-0";Centar za autizam;Vladimir;Bjelobrk
"02-040-002";"0-0";Osnovna škola "Ljudevit Gaj" u Krapini      ";Vlatka;Družinec
"13-107-013";"0-0";Katolička osnovna škola Ivo Mašina u Zadru;Roland;Jelić
"13-372-001";"0-0";Osnovna škola Franka Lisice Polača;Mate;Bobanović
"05-031-502";"0-0";Srednja škola u Maruševcu s pravom javnosti;Dejan;Stanjević
"16-096-502";"0-0";Ekonomska škola Vukovar  ;Jelena;Vinaj
"06-247-001";"0-0";Osnovna škola Fran Koncelak Drnje;Dunja;Valenčak
"09-026-003";"0-0";Osnovna škola dr. Franje Tuđmana Lički Osik  ;Antonio;Milinković
"09-379-001";"0-0";Osnovna škola "Milan Sekulić" Lovinac";Marija;Tonković
"19-511-501";"0-0";Srednja škola Blato;Ivo;Gavranić
"12-078-508";"0-0";Klasična gimnazija fra Marijana Lanosovića s pravom javnosti;Klaudio;Milohanović
"21-114-071";"0-0";Osnovna škola Alojzija Stepinca;Darka;Bebić Štimac
"17-447-001";"0-0";Osnovna škola Selca;Ivica;Škrpaca
"17-126-536";"0-0";Centar za odgoj i obrazovanje Slava Raškaj;Željka;Paleka
"01-073-006";"0-0";Osnovna škola Rude;Miroslav;Fresl
"10-089-005";"0-0";Katolička osnovna škola u Virovitici;Mario;Večerić
"21-114-113";"0-0";Osnovna škola "Lotrščak";Marin;Divić
"21-114-034";"0-0";Osnovna škola Gračani;Dalibor;Dedić
"21-114-589";"0-0";Škola za klasični balet;Marko;Đurakić
"21-114-130";"0-0";Osnovna glazbena škola Schola musica;Ksenija;Burić
"21-114-065";"0-0";Osnovna škola Prečko;Jadranka;Oštarčević
"21-114-157";"0-0";Salezijanska osnovna škola;Ivan;Benić
"21-114-155";"0-0";Osnovna škola Jelkovec;Ljiljana;Lepan Babić
"21-114-630";"0-0";"Glazbena škola "Muzički atelje" ";Zdravko;Miladin
"21-114-030";"0-0";Osnovna škola Ivana Filipovića;Mirjam;Vinković Rangel
"21-114-097";"0-0";Prva katolička osnovna škola u Gradu Zagrebu;Vinko;Mamić
"05-086-010";"0-0";Katolička osnovna škola Svete Uršule;Ankica;Dumbović
"21-114-626";"0-0";Glazbena škola Brkanović;Vedran;Brkanović
"14-060-521";"0-0";Isusovačka klasična gimnazija s pravom javnosti u Osijeku;Sebastian;Šujević
"03-194-001";"0-0";Osnovna škola Jabukovac;Jadranka;Novak
"08-071-014";"0-0";Osnovna škola Pećine;Jasna;Vukonić-Žunič
"21-114-154";"0-0";Centar za rehabilitaciju Zagreb;Ružica;Stipčić
"13-107-504";"0-0";Klasična gimnazija Ivana Pavla II. s pravom javnosti;Ante;Sorić
"07-012-004";"0-0";Centar za odgoj i obrazovanje Rudolf Steiner Daruvar;Silvija;Kancijan
"17-126-535";"0-0";Centar za odgoj i obrazovanje Juraj Bonači;Snježana;Čotić
"03-054-004";"0-0";Katolička osnovna škola u Novskoj;Krunoslav;Juraković
"08-071-015";"0-0";Osnovna škola Podmurvice;Loredana;Jakominić
"21-114-595";"0-0";Hotelijersko-turistička škola u Zagrebu;Zdravka;Krpina
"21-114-149";"0-0";Centar za odgoj i obrazovanje Dubrava;Liliana;Kalčić Galeković
"21-114-632";"0-0";"Međunarodna osnovna škola "Vedri obzori";Milena;Prodanić-Tišma
"21-114-140";"0-0";Centar za odgoj i obrazovanje Tuškanac - Zagreb;Meri;Gatin
"11-077-501";"0-0";Gimnazija Požega;Vesna;Vlašić
"21-114-150";"0-0";Osnovna škola Hugo Kon;Sanja;Petrušić Goldstein
"10-067-502";"0-0";Srednja škola Marka Marulića Slatina;Ivan;Roštaš
"19-018-503";"0-0";Biskupijska klasična gimnazija Ruđera Boškovića s pravom javnosti;Josip;Lebo
"08-292-502";"0-0";Centar odgoja i obrazovanja pri Odgojnom domu Mali Lošinj;Silvija;Kocijan
"753-951";"0-0";API testing;Testić;Api
"21-990-91";"0-0";Francuska osnovna škola;Maryline;Boussenard